{"type":"FeatureCollection","name":"Trishuli corridor district context","source":"Nepal COD-AB; Survey Department of Nepal and UN Resident Coordinator's Office","source_url":"https://data.humdata.org/dataset/cod-ab-npl","license":"CC BY-IGO","features":[{"type":"Feature","properties":{"name":"Nuwakot","pcode":"NP0328","province":"Bagmati","area_sqkm":1192.97548759,"valid_on":"2024-03-14","label_lon":85.23527,"label_lat":27.915},"geometry":{"type":"Polygon","coordinates":[[[85.13505029800007,28.084067000000175],[85.13323208900016,28.084655041000076],[85.13319295100013,28.08467219400012],[85.13128058100017,28.085510306],[85.13035129100001,28.085663564000072],[85.13020072000012,28.085688396000023],[85.12955148900011,28.085871993000183],[85.12916110200007,28.08605790700011],[85.12850849000006,28.08647161000016],[85.12812512400012,28.086802824000017],[85.12702428500006,28.087753906000046],[85.12632736600006,28.088242350000144],[85.12483736600007,28.089065874000028],[85.12463282100009,28.089178925000056],[85.12411244900005,28.089402020000136],[85.12319624200018,28.090156186],[85.12265042600012,28.090808118000155],[85.12262592700012,28.09083761500017],[85.12236269500005,28.09117781400016],[85.12236239300017,28.091178206000052],[85.12236236900003,28.091178168000056],[85.12219755100006,28.090678748000073],[85.12173994700004,28.089601961000085],[85.12132045900012,28.08882927500008],[85.12131535500004,28.088824632000183],[85.12115098300012,28.08867503600004],[85.12098526500012,28.088211636000096],[85.12047991300005,28.087439759000063],[85.1204417350001,28.08713328600004],[85.11989545400007,28.08620829800003],[85.11982019100014,28.08576929700007],[85.119816287,28.085746526000037],[85.11960978100018,28.085353139000063],[85.11862649500017,28.083480021000184],[85.11860249800003,28.08343283800008],[85.11767264700012,28.082312485000045],[85.117083305,28.081462301000045],[85.11666738200017,28.08053850200008],[85.11642161800006,28.07977125399998],[85.116180638,28.07885944500015],[85.11605632300012,28.07838906],[85.11584811000006,28.077928286000088],[85.11530095000006,28.077154471000085],[85.11479008800006,28.076766121000105],[85.11436089699998,28.076645501000087],[85.11305563200011,28.076629178000076],[85.1129395860001,28.076627727000073],[85.11201437000011,28.07647732400011],[85.11190841600006,28.076460100000133],[85.11171727900012,28.076454600000034],[85.111076287,28.076436156000113],[85.1095830370001,28.076393191000193],[85.10880676500017,28.076458047000017],[85.10849433900006,28.07652310000003],[85.10776927200004,28.076674073000163],[85.10518480600007,28.076640781000037],[85.10467043900007,28.076520783000092],[85.103771504,28.076164863000145],[85.10279114800011,28.075500468000143],[85.10249530400012,28.075229558000103],[85.1022392320001,28.074995067000145],[85.10130193300006,28.07437091899999],[85.10078900700006,28.074135931000114],[85.10014609600006,28.07393581300005],[85.09894908100006,28.07334759600019],[85.09881997200011,28.07334409400005],[85.09843584000015,28.073148668000044],[85.09753584200013,28.072869365000145],[85.09611766000017,28.07265960899997],[85.09482551900015,28.072642839000025],[85.09276123600011,28.072424697000088],[85.09248958800003,28.072474093000096],[85.09237222299998,28.072495435000064],[85.09108089600016,28.072440231000144],[85.08983625600007,28.072156922000033],[85.08919647400006,28.071764946000144],[85.08736499700012,28.070477843000106],[85.08730209600014,28.070428775000153],[85.08591927400016,28.06935004600018],[85.08502359300019,28.06880220400012],[85.08374296600005,28.068097183000134],[85.08271711300011,28.067624770000066],[85.08194653500016,28.067308223000055],[85.08099010600017,28.06703604400019],[85.08053166700017,28.06690661000016],[85.08010053900017,28.066900915000133],[85.07932239000019,28.067044640000177],[85.07854486700006,28.067109433000155],[85.07841669600003,28.067069810000135],[85.0777497680001,28.067256363000013],[85.07763679400017,28.067287965000162],[85.07608093400006,28.067534791000185],[85.07491608900006,28.06759582800015],[85.0747881690001,28.067517894000105],[85.07401352500011,28.06743145200005],[85.07324113300018,28.06719158499999],[85.07195243300015,28.066944461000162],[85.07189098700019,28.066920692000053],[85.07143800600011,28.066745470000114],[85.0704054580001,28.066618150000068],[85.06950496100012,28.06633641000002],[85.06886029800017,28.06621284900001],[85.06705166600011,28.066111890000116],[85.06524109300011,28.066125920000047],[85.06329790800004,28.066368864000083],[85.0631693950001,28.066438262000133],[85.06260286800006,28.066744194000023],[85.06212742800017,28.066889986000035],[85.0618317250001,28.06650426400006],[85.06171194300015,28.06588931800019],[85.06137957800007,28.065276787000187],[85.06075562100006,28.06412687200003],[85.06045641100019,28.063575442000058],[85.06038246200018,28.06333229100005],[85.05980204300005,28.06142381300009],[85.059767309,28.060925544000156],[85.05951898000018,28.060309345000064],[85.05829899300005,28.05849598700013],[85.05804841200018,28.058033150000142],[85.05754900200003,28.056954176000033],[85.057433737,28.05681071400005],[85.05695815900009,28.056218794000074],[85.05679049999998,28.055911069000103],[85.05675776900006,28.055297624000104],[85.05670631200013,28.055147922000117],[85.05638809100003,28.054222151000033],[85.05620194600016,28.053995015000055],[85.05613456800006,28.05391279900016],[85.05588404900004,28.053450025000075],[85.05553390600011,28.052538108000192],[85.05505751800013,28.051297392000038],[85.05451323500012,28.050369903000103],[85.05400418900012,28.04986625200013],[85.05356450000005,28.049501287],[85.05264420800012,28.048737393000067],[85.05141452200019,28.047535417000063],[85.0507828740001,28.046646861000113],[85.04951207300007,28.045327834000148],[85.04895959300018,28.04486286700012],[85.048537974,28.044320094000057],[85.04633168900017,28.04222537100003],[85.04602886200007,28.041814841000132],[85.04544726700016,28.041027464000138],[85.04409216600004,28.03959169500007],[85.04298702000011,28.038697818000117],[85.04235049400017,28.03807542600009],[85.04188982100015,28.03730511300006],[85.04150763100017,28.03695613800005],[85.04022819300019,28.036171624000133],[85.03971282500015,28.036051500000156],[85.03932963000017,28.035932630000104],[85.03907016500011,28.035851071000025],[85.03791032500004,28.035604948000184],[85.03636247300005,28.035393316000068],[85.03533317800009,28.035110011000143],[85.0349489840001,28.034876026000063],[85.034738769,28.03456629900012],[85.03432703500005,28.03345045500015],[85.03415305900006,28.033183748],[85.03382324400019,28.03267814100019],[85.03327088900005,28.032213112000193],[85.03262973100016,28.031897628000024],[85.0319865080001,28.03169713500006],[85.03056657700012,28.031563373000154],[85.02928163100006,28.031124141000078],[85.02886516300003,28.031118198000172],[85.02876420000013,28.031116758000053],[85.02841379100016,28.030969755000058],[85.02829389300001,28.030919456000106],[85.02815828700017,28.030830274000152],[85.02735678000005,28.030294808000065],[85.02671774900017,28.029864211000074],[85.02556015900012,28.02958184100015],[85.02517214700003,28.029616332000103],[85.02468071500004,28.029742056000032],[85.02374614200005,28.029981150000083],[85.02322996000015,28.029973704000156],[85.02207036900006,28.029806325000095],[85.02168561100018,28.029649019000033],[85.02104182400012,28.029525208000166],[85.02027324500006,28.029172226000128],[85.01963071000006,28.028971733000105],[85.01899023900012,28.028656126000044],[85.01591787199999,28.026971163000155],[85.01476366200006,28.026496873000156],[85.01450588400007,28.02645593400007],[85.01356295300013,28.026212440000165],[85.012531217,28.026123057000177],[85.01214320400015,28.026157546000093],[85.01097854200009,28.026333011000133],[85.01046148600011,28.02636618700018],[85.00955585300005,28.026508222000132],[85.0080046810001,28.02660306100006],[85.0071007410001,28.026591610000082],[85.004780741,28.02636946500013],[85.00233470000006,28.025918089000072],[85.00053232300002,28.025588338000034],[85.00001764200016,28.025465716000042],[84.99946040800006,28.025345717000164],[84.99829962600012,28.025252644000147],[84.99778256800016,28.025285694000047],[84.99766902000016,28.025376808000146],[84.99753084900004,28.025483797],[84.99594734600004,28.025048393000077],[84.99549244400004,28.024923312999988],[84.99428497600013,28.025137398000027],[84.99423773000012,28.025159194000082],[84.99307293800001,28.025696576000144],[84.9920359410001,28.026067275000173],[84.99186365300005,28.026066273000083],[84.99151713300017,28.026253751000127],[84.9912983420001,28.026519285000063],[84.99133188700011,28.027130418000127],[84.99124126900011,28.027435640000135],[84.99102160300004,28.02773717200006],[84.99006552800006,28.028414156999986],[84.989546405,28.028638940000064],[84.98920251300018,28.028634684000053],[84.98920883400007,28.028215035000073],[84.98909211600017,28.027410480000185],[84.98896826500015,28.027066259000037],[84.98867268800012,28.026718660000142],[84.98837529400004,28.026447867],[84.98836300500017,28.026145761000066],[84.98834419200011,28.025683311000023],[84.98856410700012,28.025341094],[84.98905456500017,28.024200518000157],[84.98997972500018,28.022720729000184],[84.99020270700015,28.02215059700012],[84.99038726300012,28.021350672000096],[84.99073628600013,28.021009771000024],[84.99078397500011,28.02066649000011],[84.99070180200016,28.020437010000137],[84.99040622500013,28.020089473000098],[84.99019951400015,28.019513396000093],[84.99016215100016,28.019170801000087],[84.99004055500006,28.01867309500011],[84.99008767900006,28.018404307000083],[84.99008262700016,28.018098402000078],[84.99006496000004,28.01702830500011],[84.99024594900015,28.016458485000044],[84.99025252100017,28.016000526000084],[84.99034195100012,28.015771986000175],[84.9911293030001,28.01486395600017],[84.991521509,28.01452499200019],[84.99217831400011,28.013728388000175],[84.992568328,28.01350447600015],[84.99352134100008,28.013327686000082],[84.99373249100017,28.01328851700015],[84.99399058100005,28.013291145000153],[84.99450839200017,28.01314529299998],[84.99507307400017,28.01276896100012],[84.99594466200017,28.01197535900019],[84.99646522600005,28.011637648000033],[84.99676943999998,28.01141211100014],[84.99707578300001,28.01107152300017],[84.9971536170001,28.01084116000004],[84.99734551400007,28.010273223000013],[84.99766929300011,28.009819645000164],[84.99786302200005,28.009540798000103],[84.99842833200012,28.009164404000046],[84.99908363300005,28.008559594000076],[84.99912978800006,28.00853696700011],[84.99938728300015,28.008410738],[84.99991028400018,28.007996346000027],[85.0001755080001,28.007538705000115],[85.0003561200001,28.0070050060001],[85.00015026000011,28.006466619000037],[85.00014966000009,28.006465051000077],[85.00008131800013,28.005391709000094],[85.00004289300006,28.00508517300011],[85.00044610900017,28.004094144000078],[85.00088237100005,28.00371649800013],[85.00127576500006,28.003377472000125],[85.00142019900011,28.003303665000146],[85.00171027400006,28.003155437000146],[85.00201455000018,28.003006643000106],[85.00228434100006,28.00235945600008],[85.00237465300006,28.00174660600004],[85.00243078000017,28.001365735000036],[85.00279181400003,28.000415639000096],[85.00303085100018,28.00015216700018],[85.00413071300005,27.999735911000187],[85.00523257300011,27.999533760000077],[85.0059755310001,27.99945357400003],[85.00655546100012,27.999390981999966],[85.00765788000012,27.999254326000028],[85.01094664100003,27.998756426000057],[85.01146757900011,27.99847508600004],[85.01159857400006,27.998418194000124],[85.01168398900006,27.998381098000095],[85.011748668,27.99836247500008],[85.01196551600003,27.998250364000114],[85.01226866700017,27.998119506000137],[85.01237134100012,27.998089448000144],[85.01317680100016,27.997860170000138],[85.013306285,27.997843424],[85.01401531400018,27.997908117000122],[85.01446819400013,27.997816821000015],[85.01505036800017,27.9977651480001],[85.01595737800011,27.99752605900011],[85.01689199300006,27.997497394000163],[85.01692674800017,27.997496328000068],[85.01699677300019,27.99747906900018],[85.01707760500011,27.997459147000086],[85.01731538700011,27.99740546800018],[85.01764009500016,27.997274485000105],[85.01803111300018,27.997030202000076],[85.01835875799998,27.996937528000046],[85.019068479,27.996733746000018],[85.01964858900004,27.996797125000057],[85.02068283000011,27.99671052500014],[85.02178180900017,27.996607615000187],[85.02255827300013,27.99648226500011],[85.02372462200009,27.996187062000104],[85.02482542000018,27.99594878900018],[85.025150629,27.995799621000117],[85.02599502500004,27.995464040000115],[85.02644878100011,27.995334309000157],[85.02683710400004,27.99528182100005],[85.02728848200007,27.995305514000165],[85.0276751780001,27.99534770500003],[85.02825403700012,27.995485514000165],[85.02846906900015,27.99550870300004],[85.02851740600016,27.99550898400014],[85.02864123299997,27.995509705000075],[85.02915697800012,27.995553210000082],[85.02935064000013,27.99553596500016],[85.02941588000004,27.99551740600009],[85.0295023700001,27.995460413000103],[85.02954586500005,27.99542398],[85.029656042,27.995251684000152],[85.02976834700019,27.994966586000032],[85.02981447100007,27.994736170000124],[85.02994830500012,27.99439455600009],[85.03008307400017,27.99405054900018],[85.03034742200003,27.99365152600012],[85.03068076700015,27.99296546900007],[85.03083713100011,27.992565007000167],[85.03095231500009,27.9920497440001],[85.03119721000019,27.991457577],[85.03135471800005,27.991076713000155],[85.03152666500017,27.989645157000155],[85.03157266200014,27.98947336000009],[85.03156455900012,27.98855300600013],[85.03146139100011,27.98826496700019],[85.03129993400017,27.988044462000175],[85.03120843100015,27.987919494000096],[85.03110457600013,27.987687888000153],[85.03113189400011,27.98728605000008],[85.03107059500007,27.98705644300003],[85.0308605030001,27.986746718000063],[85.03060566699997,27.986534295000183],[85.03022660500005,27.985957403000043],[85.03007881700012,27.985782542000038],[85.02997358400017,27.985609617000023],[85.0297269450001,27.984860181000045],[85.02968801800017,27.98457401900015],[85.02970141200007,27.983712096000147],[85.02974753300003,27.98348393000009],[85.03021418000003,27.98251258800019],[85.03028654200017,27.98225641000016],[85.0303278610001,27.982110126000123],[85.03029031099999,27.98176534300012],[85.03014540200019,27.981362564999984],[85.03010578600009,27.98113277200008],[85.03010929300012,27.98090260600003],[85.03022228400016,27.980558887000143],[85.03024816100009,27.98027216500003],[85.03010181200011,27.979984438000088],[85.02981767900019,27.97959507100012],[85.02972206100009,27.979464041000142],[85.02964483500006,27.978889279000157],[85.02939894700017,27.978083472000037],[85.02935776800001,27.977966482000113],[85.02910487100019,27.977620945000012],[85.02893840100006,27.97721616700011],[85.02879417900004,27.976813388000096],[85.02861666500007,27.975720609000177],[85.02865393200005,27.974687076],[85.02859394500018,27.9744010390001],[85.0285607130001,27.973767345000056],[85.02856496900006,27.973480808000033],[85.02865427500018,27.973252268000124],[85.02865355500012,27.973248646],[85.0285742310001,27.972849052000186],[85.02856750300009,27.97187451500008],[85.02846439800004,27.9715865390001],[85.02829623800011,27.97133512100004],[85.02765883600017,27.970773661000123],[85.02751392400006,27.970427314000176],[85.027259964,27.970176520000052],[85.02690133100009,27.969806986000037],[85.02675397900015,27.9696704320001],[85.02634960000017,27.969434322000097],[85.02566350500018,27.969425935000174],[85.02557414100005,27.969445301000178],[85.02540484999997,27.96948198900003],[85.02497534400015,27.969476170000178],[85.02471875500015,27.96941492100018],[85.02429275300011,27.969237680000163],[85.02380445000011,27.96892313700016],[85.02320791000011,27.96864783900014],[85.02286695900005,27.968528594000134],[85.02235246400005,27.96846471500004],[85.02192689999998,27.96826710200014],[85.02158526000017,27.968147795000107],[85.02081317600005,27.96811972],[85.02020963000018,27.968246011000076],[85.01969326000011,27.968317496000054],[85.01950172400007,27.968219690000126],[85.01937668300013,27.968024330000105],[85.01933562700009,27.967909590000033],[85.0192958240001,27.96773616700017],[85.01930984000018,27.966930677000164],[85.01927085000017,27.966700822000064],[85.01910707000008,27.966237298000067],[85.01893909600005,27.966006192000123],[85.01877022200011,27.96569140100013],[85.01875225300012,27.96565790699998],[85.01824570700018,27.96515406900005],[85.01803423800015,27.964959395000108],[85.01712750400009,27.96404564800008],[85.01670175300012,27.96382997400019],[85.01658816200006,27.963772102000178],[85.01631755900013,27.963634235000086],[85.01621276000009,27.96357411300005],[85.01617033100001,27.963515806000146],[85.01610083100013,27.963248655000143],[85.01607016399998,27.963130777000174],[85.01597031100016,27.962707375000093],[85.01524948100007,27.962180284000112],[85.01497761400003,27.96183432700019],[85.01497627499998,27.961832624000124],[85.01497625200011,27.96183253200013],[85.01487592200016,27.96142728300009],[85.01485993000006,27.9611408720001],[85.01491162200006,27.960623919000057],[85.014791775,27.960103651000168],[85.01471729700006,27.959470269000178],[85.01449084100017,27.958892130000038],[85.01442785000017,27.958813637000162],[85.01380906300005,27.958594895000033],[85.01370451700012,27.958489590000113],[85.01359809400009,27.958382098000072],[85.01345299700006,27.958015442000146],[85.0133480770001,27.957862891000048],[85.01324277999998,27.957746274000044],[85.01292338900015,27.95755009900006],[85.01271148500018,27.957375674000104],[85.01262593300004,27.95733573800004],[85.01194009000005,27.957270857000083],[85.01160641700005,27.957174055000053],[85.01159863600003,27.95717179800016],[85.01153464600009,27.957113614000093],[85.01150719200012,27.957036334000122],[85.01143154300019,27.956823389000192],[85.01143442000011,27.956651904000125],[85.01152447600015,27.956366994000177],[85.01146205000009,27.95621175600013],[85.01135725400013,27.9560772050001],[85.0111238510001,27.95590296600011],[85.01095331400012,27.95580491000004],[85.01058967600005,27.95570385000019],[85.010506701,27.955628277000073],[85.01048400700012,27.955607607000104],[85.01042467800005,27.955509416999973],[85.01037952200005,27.955434683000192],[85.01023479999998,27.955029654000157],[85.010221001,27.954513138000095],[85.01016120300005,27.954227038],[85.01001497900018,27.953937125000095],[85.00993349500004,27.95364896000018],[85.00982807500003,27.95351434600019],[85.00948743700008,27.953356667000037],[85.00920934900017,27.953295543000138],[85.00908155700006,27.953217547000065],[85.00890879100012,27.953040367000142],[85.0087429830001,27.95287032400006],[85.00861687800005,27.952695275000053],[85.00855495299999,27.952522039000087],[85.00849484100019,27.95227431000012],[85.00847472300012,27.952159382],[85.00845228500003,27.952051877000088],[85.00835437500012,27.951582745000167],[85.00824895500011,27.951448193000033],[85.0082263440001,27.951433217000044],[85.00810072700006,27.951350012000034],[85.00793219200006,27.951118842000085],[85.00776716100017,27.95065756800011],[85.00771243200018,27.95002631100016],[85.007725386,27.949164451000115],[85.00774826100007,27.949031151999975],[85.00777107100015,27.948954284000024],[85.00790224600007,27.948784113000045],[85.0080761000001,27.948633942000185],[85.008335192,27.948559891000173],[85.00850623200017,27.94858120400005],[85.00890898400007,27.94893018000016],[85.00937441200006,27.949396021000098],[85.00966974000016,27.94974349400013],[85.00979515600005,27.949974976000078],[85.0100457370001,27.950417565000066],[85.01014768100015,27.95060576600008],[85.01017109200006,27.950648984999987],[85.01038193200009,27.95092040200018],[85.01114569400005,27.95150361100019],[85.01172042200017,27.951835529000107],[85.01210618400012,27.951859784000078],[85.01293956600017,27.95213789799999],[85.01345406000007,27.95214315600009],[85.01371352800004,27.952032920000192],[85.01442819300013,27.951583223000057],[85.01490344600012,27.951396998000178],[85.01520822499998,27.951112778000095],[85.015383268,27.950885864000156],[85.01542751500006,27.950790811],[85.01547245000012,27.95063932500011],[85.01549476100007,27.950582768000118],[85.01545364400016,27.950465779000126],[85.01527850900015,27.95025165500016],[85.01507395400017,27.950001563000058],[85.01499178100005,27.949772082000038],[85.01508108700017,27.94954354200013],[85.01527637900011,27.94937281],[85.01545154700005,27.94914602100016],[85.01549854600012,27.94887948400003],[85.01558666400012,27.948727749],[85.01571633400005,27.948672568000177],[85.01583633800004,27.94867379200008],[85.01584525400006,27.948673883000026],[85.01603910500017,27.948618266000096],[85.0161902110001,27.948542714000098],[85.01632107200015,27.948410915000125],[85.01630351600011,27.94816287499998],[85.01621997000012,27.947989763000066],[85.01596860300003,27.947843344000148],[85.01558137600006,27.947617785000034],[85.01547614300017,27.947501232000036],[85.01543502400006,27.947386492000135],[85.01543840500005,27.947138264000046],[85.01554764300005,27.94700440300005],[85.01593790900017,27.946762369000112],[85.01602583900018,27.946590260000164],[85.0158598050001,27.946223790000033],[85.01569070600004,27.946069364000095],[85.01562946900003,27.945839696000064],[85.01563178500004,27.9456682120001],[85.01576646300003,27.94526793800003],[85.01592353800015,27.944997346000036],[85.01603081400015,27.944812545000104],[85.01622672700006,27.94464187699998],[85.01629297200014,27.94452857500005],[85.01627786000012,27.944068491000166],[85.01619524800003,27.94385700800018],[85.01611138900012,27.94372226900009],[85.01598459600001,27.943605903000105],[85.0152610130001,27.943175867000036],[85.01513490700017,27.943003005000094],[85.01500980500009,27.942733277000173],[85.01473497300009,27.942480357000193],[85.01430753400018,27.942341363000082],[85.01384413500011,27.942261025000164],[85.01370836500007,27.94223748700017],[85.01345158800007,27.942158178000113],[85.01330342200004,27.94206224700008],[85.01285824100006,27.941654963000133],[85.0125399740001,27.941438477000133],[85.01202723400013,27.94127979400008],[85.01160054400003,27.94108443099998],[85.01140957200005,27.940966250000088],[85.01119754100017,27.94077151400012],[85.01094539600018,27.94042591600015],[85.01063345200009,27.93973341000003],[85.01060956700019,27.93966605200012],[85.01055128100018,27.939501680000035],[85.00992019600005,27.93863324600011],[85.00977609800003,27.93823046800003],[85.00971773900011,27.93782700300011],[85.00936549300008,27.93696107400018],[85.00921826600006,27.936768153000116],[85.00895595400004,27.93651524400002],[85.00881651500015,27.936380805],[85.00862773400007,27.936091203000046],[85.00852475400006,27.93580316499998],[85.00850970400006,27.935345330000075],[85.00856878100006,27.934255241000187],[85.00861703200007,27.933911960000103],[85.00886194900016,27.93333939100006],[85.00898585300013,27.93315500800003],[85.00925653300015,27.93275220099997],[85.00952238600019,27.932181757000023],[85.00959150900013,27.931894721000106],[85.00955333299999,27.931549876000076],[85.00977669100018,27.930979744000126],[85.00982350300018,27.930692957000133],[85.01002955700017,27.92983635100012],[85.01029903900007,27.92903349000005],[85.01036459500017,27.92892018800012],[85.01050146500012,27.92834618],[85.01045330700003,27.92719821900016],[85.01031365400013,27.926448034000032],[85.01002621200013,27.92558379400009],[85.00969977100004,27.925043330000108],[85.00960703300018,27.92488978800003],[85.00950211200012,27.92473492500011],[85.00945961800016,27.924676554000143],[85.00941812600013,27.92457987400013],[85.00914704900015,27.924040418000118],[85.00894102600006,27.92346440400007],[85.00883948600017,27.92306131400011],[85.00846423900015,27.922310562000177],[85.00821653700007,27.921617495000078],[85.00807544300011,27.92098461200004],[85.00795542200007,27.920615689000158],[85.007849926,27.920291421000172],[85.00743650400011,27.919195761000083],[85.00691296800011,27.918326518000185],[85.00642773300001,27.917766061000123],[85.00636944700017,27.917716615000074],[85.00585563100014,27.917280719000075],[85.00568784600017,27.916990930000168],[85.00555174400012,27.916827193000074],[85.00535077600017,27.916585023000096],[85.00520523800003,27.91629735800018],[85.00499558300004,27.91600782],[85.00464120900017,27.915313313000183],[85.00451798200004,27.914966780000043],[85.00439269300006,27.91473536100017],[85.00428045000007,27.91439291100005],[85.00414705300017,27.913985924000087],[85.00411463500012,27.913295797000046],[85.00407433300018,27.913124625000137],[85.003887739,27.9127199080001],[85.00376244800003,27.912488489000054],[85.00369977200018,27.91237162400006],[85.00359360300018,27.91221894800003],[85.00306655700012,27.91173323300012],[85.002877588,27.911481939999987],[85.00245702800004,27.91103828500013],[85.00243808300013,27.911010658000066],[85.00205990600006,27.910459205000052],[85.00143939000003,27.90918905799998],[85.00136679200006,27.908984640000142],[85.00107177300009,27.90815395700008],[85.00074308500007,27.907346462000135],[85.00028403599998,27.906652704000123],[85.00001527100005,27.90607481400008],[84.99983280800018,27.905498613000077],[84.99941418800017,27.904921844000057],[84.99933139100017,27.904748734000123],[84.99917123700004,27.904113726000162],[84.99893176500012,27.903798267000127],[84.99854277700007,27.903285852000067],[84.99822663700002,27.903012871000158],[84.99814302500005,27.902898443000083],[84.9979794940001,27.902437106000036],[84.9979203210001,27.902148818000114],[84.99792889300011,27.901632115000098],[84.99802107700009,27.901232152000148],[84.99802295500007,27.901123979000147],[84.99803603200019,27.900370230000078],[84.99789449800016,27.899890708000157],[84.99774783400011,27.899679725000055],[84.99767110000016,27.89940956000015],[84.99709706800013,27.8986985520001],[84.99664438400015,27.89835213700013],[84.99625694100013,27.898122588000092],[84.99586880800007,27.898026154000092],[84.99541630500005,27.89796846300004],[84.9953299280001,27.897928980000017],[84.99461948300018,27.897604232000162],[84.99386578600007,27.896894471000167],[84.99339172800012,27.896701667000173],[84.99260520800004,27.896560730000147],[84.99228232700005,27.895965216000093],[84.99258510900006,27.895545632],[84.99260674100009,27.895064990000037],[84.99241390400005,27.89445272900008],[84.99233981800012,27.893081600000073],[84.99233897000005,27.8930745830001],[84.9922333510001,27.892200303000095],[84.99236398700009,27.890859300000045],[84.99222503400006,27.8895472910001],[84.99207595100006,27.88851056900012],[84.9918821760001,27.887936678000187],[84.9914519350001,27.887323914000092],[84.99082790400007,27.886825323000153],[84.99071395600009,27.886757313000032],[84.98971862700006,27.886163239000098],[84.98882206900015,27.885641709000083],[84.98872790100017,27.885337859000174],[84.9889879480001,27.884474191000095],[84.989246992,27.88378650700008],[84.99157627900013,27.882161255000085],[84.99192231100011,27.88147069700011],[84.99203093900007,27.88064646100014],[84.99277523100017,27.879853732000186],[84.99303564800016,27.87924729000008],[84.99347941200011,27.878702660000158],[84.99353703300017,27.878548800000033],[84.99360909500007,27.87816702200007],[84.99354491800017,27.878023097000153],[84.9929941900001,27.877485636000188],[84.99284372000005,27.87706267100009],[84.99316786900016,27.87683244600015],[84.99368642800016,27.87669778000003],[84.99422724600015,27.876008101000025],[84.99468220400013,27.87516106000004],[84.994725824,27.8750660070001],[84.99458231500012,27.874862119000113],[84.99439719100008,27.874599106000062],[84.993931572,27.87427762600015],[84.99377972200006,27.874050832000023],[84.99352589500012,27.873360077000143],[84.99257116600006,27.87250063800019],[84.99240769500017,27.872188226000105],[84.99244481900018,27.87194655999997],[84.992696109,27.87152741500006],[84.99325866500004,27.87113308500011],[84.99359231200003,27.870972730000062],[84.99391734000011,27.87063651600016],[84.99396821600004,27.870227802000045],[84.99361208500017,27.86979946100007],[84.99244125100006,27.86932735800019],[84.99162713000015,27.868297686000062],[84.99153690300005,27.867797542000062],[84.99161727500012,27.86742689000016],[84.99157553800012,27.86715878700005],[84.99146337200011,27.866830191000076],[84.99107243400005,27.86627585900004],[84.99108125300017,27.865986947000124],[84.99115737000017,27.865839773000175],[84.99152233100006,27.865428817000122],[84.99160057500018,27.865238772999987],[84.99139285600012,27.86501010300009],[84.99064946400006,27.864568755000164],[84.99048930500004,27.864263092000044],[84.990460999,27.864080545000093],[84.990621987,27.86377938700008],[84.99069636000002,27.863370487000168],[84.99048802400006,27.86286665400013],[84.99021906600018,27.862527931000045],[84.99022982200017,27.8621781490001],[84.99069683500016,27.861613083000066],[84.99070221199997,27.861430286000086],[84.99048363100013,27.86084527300011],[84.99049207100012,27.860583548000022],[84.99089733600016,27.860280581000097],[84.99112805800007,27.860177407000094],[84.99136659900017,27.85968158000003],[84.99078887600007,27.859096935000025],[84.99031877400006,27.858961112000088],[84.98988987600012,27.858837193000056],[84.9891243570001,27.858617075000154],[84.98890357700014,27.85840884100014],[84.98903350600011,27.858114619000105],[84.98926229100016,27.857941513000185],[84.98940289800015,27.85790670600005],[84.98969654299998,27.85802863700013],[84.99046444400005,27.857896850000145],[84.99092638800005,27.85770652800005],[84.99098288100004,27.85768325300012],[84.99156375100011,27.857221116000176],[84.9917852320001,27.856734476000042],[84.99191934000015,27.856180366000046],[84.99221458700015,27.854960455000082],[84.99230364000016,27.85484927900012],[84.99243443600017,27.854785163000145],[84.99280501400006,27.854784794000068],[84.99388963600012,27.855084455000053],[84.99390304800016,27.855088160000093],[84.99391247500012,27.855088118000083],[84.99550658500004,27.85508112500014],[84.99600845300017,27.85521287100005],[84.99697201300017,27.855239698000048],[84.99727271800009,27.855438310000125],[84.9976722240001,27.855548244000147],[84.99804973500017,27.855678614000112],[84.99830738800006,27.85568124300005],[84.99953785800011,27.85527305100004],[84.99984107100005,27.855121944000075],[85.00036244800009,27.854743675000122],[85.00084176900003,27.854288974000042],[85.00110380200016,27.85400281600016],[85.00117073600018,27.8538308950001],[85.00117430200015,27.853600728000117],[85.00111231500006,27.853409432000092],[85.00077330500005,27.853118640000048],[85.00062645300017,27.852885033000177],[85.00065076600015,27.85269536400017],[85.0007831900001,27.852466573000186],[85.00136586700006,27.852279600000088],[85.00188236300016,27.85220817700008],[85.00226931200012,27.852194060999977],[85.00284698100006,27.852354555000147],[85.00310319500011,27.852472300000045],[85.00348845400009,27.85255292300019],[85.00381141399998,27.852478373000054],[85.00387659300014,27.85245987600007],[85.00413662500017,27.852309082000033],[85.00422380300012,27.85219565600005],[85.00444834800015,27.85156459100017],[85.0044553570001,27.85108625900017],[85.004587721,27.850857470000165],[85.00471682900007,27.850820412000132],[85.00490992800013,27.850841538999987],[85.00516701600009,27.850920911000173],[85.00542423200005,27.8509416],[85.00554506700018,27.850901414000077],[85.00581262100013,27.850812431000065],[85.00628931400001,27.850549526000066],[85.006398676,27.850435913000183],[85.00646661100006,27.85016693800003],[85.00648892000004,27.85011038199997],[85.00632176300013,27.84980028100017],[85.00589724600013,27.849559230000068],[85.0058745770001,27.849546359000158],[85.00555668900006,27.849275690000013],[85.005475456,27.848928846000092],[85.00548190200004,27.848527256000125],[85.00535742400001,27.848237092999966],[85.00520994900018,27.84800579900019],[85.00525895000004,27.84760389700017],[85.00558754100012,27.84718412800015],[85.00571758700005,27.847108762000175],[85.00599755200005,27.84705483500005],[85.00619209100006,27.84696090799997],[85.00658379500015,27.84663994400006],[85.00669000300007,27.846537972000192],[85.00723728500003,27.84601251100014],[85.0074128280001,27.84578565900017],[85.00752588600005,27.84538326],[85.00770142900006,27.845154097000147],[85.007725242,27.844982487000152],[85.00752009600006,27.844347790000143],[85.00713871600016,27.843998627000133],[85.00652556100016,27.84335786200012],[85.00598783900006,27.842798412000036],[85.00591184300015,27.84271934600008],[85.00572187400019,27.842486115000042],[85.00563982700004,27.842256634000137],[85.00568148100012,27.842149340000162],[85.0057513800001,27.841969286000165],[85.00588286900006,27.841778805000104],[85.00601404200017,27.84162669600005],[85.00634225400017,27.841229550000094],[85.00655465100004,27.840888319000157],[85.00667234800011,27.840699228000062],[85.00680414800019,27.840470376000155],[85.00713229900009,27.84007316700007],[85.00757519900014,27.83918106700014],[85.00785854300011,27.838878974000068],[85.00818475500012,27.8386148780001],[85.00850933900011,27.838447836000114],[85.00911831400015,27.838419968000153],[85.0091536920001,27.838418349000108],[85.00954151700012,27.838365860000067],[85.01005895300011,27.838199634000034],[85.01070737300012,27.83792185800013],[85.01103189400004,27.837754815000096],[85.0116183880001,27.837301554000135],[85.01222531700012,27.836927161000176],[85.0123562390001,27.836815609000155],[85.01244335500002,27.836702184000103],[85.01253259800006,27.836473705000117],[85.012537667,27.836128487000167],[85.01224302500015,27.835455234000165],[85.01218435600003,27.835321178000072],[85.01219449500007,27.83463299000016],[85.01239454000017,27.83417584700004],[85.01261395600005,27.833892126000137],[85.0128457450001,27.83350247700014],[85.01307684700004,27.833112767000046],[85.01342605900015,27.832733431000065],[85.01394743500015,27.832377660000077],[85.01414153700006,27.83230179500009],[85.01485100700012,27.832253685000182],[85.015300819,27.832318063000173],[85.01568363800016,27.8325544220001],[85.01592601300007,27.832739912000193],[85.01632010500015,27.833041514000115],[85.01635069100001,27.833057114000155],[85.01670386300015,27.833237254000096],[85.01699057100006,27.833501297000055],[85.01702125300011,27.833530420000045],[85.017276966,27.8336661620001],[85.01780473999997,27.833831437000185],[85.01843130500004,27.834027649000063],[85.01881781500003,27.83405184200018],[85.01978137200012,27.834236466],[85.02029617700015,27.83426203500011],[85.02074874400006,27.834152615000107],[85.02146184300017,27.83387665200007],[85.02174398100004,27.833734340000035],[85.02220631500012,27.833501135000176],[85.02224043600017,27.833485075000112],[85.02239248100005,27.833391460000087],[85.02252327800016,27.833257412000023],[85.02273747300018,27.833016143],[85.02280755900011,27.83293719600016],[85.02276869700012,27.83264872100017],[85.02245456200012,27.832163760000128],[85.02169405300003,27.831368506000047],[85.02133705000006,27.830845484000122],[85.02064147100015,27.83001142200004],[85.02052627800009,27.82992844800009],[85.01966486800006,27.82930796800008],[85.01905164900006,27.828725948000056],[85.01869276700018,27.828338289000044],[85.01818259300006,27.827985688000126],[85.01733008900004,27.82759033300016],[85.01701220000012,27.82731741400005],[85.01676030300018,27.826969567000162],[85.01665732300017,27.82667934],[85.01666020100004,27.826507856000035],[85.01677306900018,27.826164076],[85.01727951900017,27.825366281000186],[85.01758880100016,27.824795463000044],[85.01757368700015,27.82439174900003],[85.01736678800017,27.823910476000094],[85.017346793,27.82381361000006],[85.01712152400012,27.823120418000087],[85.01680493700013,27.822230076000096],[85.01650464400007,27.82138556300015],[85.016129583,27.82069124400016],[85.01594783100012,27.820456979000028],[85.01549781000006,27.819876930000135],[85.01537464600017,27.819530397000108],[85.01537868200018,27.819279576000042],[85.01538390700017,27.818955011000128],[85.01549965300012,27.818439872000056],[85.01567732500007,27.81803922400013],[85.015621844,27.817464337000047],[85.01527629200007,27.816250877000186],[85.01494166000009,27.815671298000098],[85.01450048200013,27.815090218000023],[85.01412054100007,27.814682436],[85.01397375099998,27.814451142000053],[85.01342183300017,27.814040106000164],[85.01278674300005,27.813476208000054],[85.01218078400007,27.81243160500003],[85.01197425900011,27.81191196100019],[85.01195113100016,27.811800468000115],[85.01191446100017,27.811623672000053],[85.01192075700015,27.811561520000055],[85.01196502600015,27.81112465500007],[85.01197979500006,27.810186115000022],[85.01213853600012,27.809652478000032],[85.01231420400012,27.809443687000055],[85.0124325000001,27.809413442000164],[85.0131286570001,27.809512133000055],[85.01447784800007,27.809721073000105],[85.01494472100006,27.80972775400005],[85.01520806300016,27.809731523000096],[85.01636709700017,27.809747791000177],[85.01668842900011,27.809788292000064],[85.01739358000009,27.809970351000118],[85.01775615400004,27.810148153000114],[85.01784108000015,27.81020839900009],[85.01800924100013,27.810421508000047],[85.01811172000015,27.810729919000096],[85.01797460000017,27.81126324500019],[85.01775424900018,27.81164389500003],[85.01779070900017,27.811821083000154],[85.01779411200016,27.811837627000102],[85.01792121900013,27.81193368400011],[85.01796705499999,27.81195079300005],[85.01824136100015,27.812053179000145],[85.01869111300005,27.812117555000157],[85.01914192900006,27.812102939],[85.01959136700009,27.81220562500016],[85.01978308900016,27.812285433],[85.01991032100005,27.812401801000078],[85.02016246600004,27.812769960000026],[85.02020258300007,27.812923071],[85.02019782800011,27.813229918000104],[85.02023938200017,27.813326598000117],[85.02044978700008,27.813577704000068],[85.02057726800007,27.813655761000064],[85.02077011500012,27.813717509000185],[85.02089891100013,27.813718824000034],[85.02141315500006,27.813764641000034],[85.02160575400006,27.81380376600015],[85.0219036470001,27.813982068000143],[85.02211524000012,27.814156493000098],[85.02260304300006,27.814565715000015],[85.02285944400006,27.81464502400013],[85.0231808370001,27.81468777500004],[85.02346067700017,27.814633847000152],[85.0235256680001,27.81459722700015],[85.02374364600001,27.814370000999986],[85.02386008100018,27.81379611600005],[85.0239923790001,27.813567328000147],[85.02412280300007,27.81347383800005],[85.02431702600006,27.81341822100012],[85.02444582300012,27.813421786000163],[85.02459573900012,27.81344097300007],[85.02476584000004,27.81352096900008],[85.024893195,27.81363739900013],[85.02503935900006,27.813868631000105],[85.02508010100001,27.81402399100017],[85.02505146900018,27.814484388000153],[85.02507108800012,27.814617439000074],[85.02511289600017,27.81467568400018],[85.02530517800011,27.81475549300012],[85.02575443100005,27.814837868000097],[85.02618393600017,27.814843750000023],[85.02628448700005,27.81491008400019],[85.02633266400005,27.814941868000176],[85.02639603000011,27.815000052000187],[85.02652125800017,27.815231534000134],[85.02664417000005,27.815616376000037],[85.02672740700007,27.815771426000083],[85.0268327010001,27.81590597800016],[85.02727894900005,27.81620045900013],[85.02747104800005,27.816259957000057],[85.02805116000013,27.816228595000155],[85.02826857100007,27.81607804900011],[85.02861890800017,27.815624221000064],[85.02898886700018,27.81530338100015],[85.02918334300006,27.815209454000126],[85.02957091700017,27.815138905000026],[85.02987206600011,27.81512310000005],[85.03000086200012,27.81512435200017],[85.03038605800003,27.815207226000098],[85.03062090200012,27.815286722999986],[85.03083530900017,27.815289601000075],[85.03153067500017,27.815092639000113],[85.03154703200016,27.815088005000064],[85.03206365400013,27.814978150000172],[85.03251515500006,27.81496572100008],[85.03283561100011,27.815046782000138],[85.03373674200014,27.8150784180001],[85.03410622100006,27.815182261000075],[85.0343778400001,27.815258601000153],[85.03469917100011,27.815301352000063],[85.03579421300014,27.815315683000108],[85.03618085000005,27.81528344200018],[85.0362820680001,27.815257975000122],[85.03676302700018,27.81513696500008],[85.03697956200006,27.815024790999985],[85.03728496700018,27.81472244800011],[85.0374149490001,27.81464702000011],[85.03780202600007,27.814594468],[85.03818553200017,27.814772085000072],[85.03829132900017,27.81488857500011],[85.03837418800015,27.815061624000123],[85.03862871299998,27.815276359000052],[85.03877648900016,27.815344774000096],[85.039012222,27.81545391100019],[85.0393328020001,27.815534973000126],[85.03963175900003,27.815692901000034],[85.0400984370001,27.816138369000157],[85.04024247100011,27.816543335000063],[85.04034726800018,27.816698197999983],[85.04098523500011,27.81720328800003],[85.04139380500015,27.81720929400018],[85.04148035700007,27.817170237000084],[85.0415682840001,27.817077059000155],[85.04156972400006,27.816962008000132],[85.04138175800017,27.816613723000046],[85.04131782900009,27.81655554000008],[85.0410679360001,27.81603401900003],[85.04094414800016,27.815687548000028],[85.04091493000004,27.815419187000145],[85.04090659700017,27.81534264100003],[85.04104171400007,27.814942304],[85.04124576300018,27.814254932000154],[85.04138018900011,27.81391102800012],[85.04138281800005,27.813737292000155],[85.04132233100012,27.813507625000057],[85.04128903700018,27.812873931000013],[85.0414248410001,27.81241497500008],[85.04157844900016,27.812226557000145],[85.041774239,27.81207394900008],[85.04209951100012,27.811924843000043],[85.04371536300005,27.81175244800005],[85.04397376700013,27.811773075000076],[85.04442332899998,27.811893760000032],[85.04467879300017,27.812069998000027],[85.04493487900004,27.81218767900009],[85.04538588200018,27.812249682000186],[85.04564240800005,27.81234924000006],[85.046069096,27.812585163000108],[85.04621682100009,27.81277802400018],[85.04628369900013,27.812829721000128],[85.046343992,27.812876329000062],[85.04660189300012,27.81291726800015],[85.04698815400002,27.81297976800016],[85.04711826400012,27.812922400000048],[85.04716213200004,27.812865656000156],[85.04727406200004,27.812560248000125],[85.04725732100019,27.812271586],[85.04713347000018,27.811925115000065],[85.04710941900004,27.811892289000184],[85.04700686600017,27.811752316000025],[85.04686207800006,27.81140603199998],[85.04684396100009,27.81117380300003],[85.04695632700015,27.810850333000133],[85.0472402960001,27.810566175000076],[85.04775810600017,27.81045619500003],[85.04816961600011,27.810308715000076],[85.04836590700006,27.810138046000077],[85.04847939900003,27.80973558400018],[85.04841747500006,27.809562348000043],[85.04829087100006,27.809389613000064],[85.04790949000005,27.80904051100009],[85.04772020900015,27.80875097200004],[85.04753268800016,27.807945142000165],[85.04751844200001,27.807883921000155],[85.04735278400017,27.807481330000144],[85.04718581300011,27.80713292000013],[85.04687199400018,27.806553279000184],[85.04632057800006,27.8060678760001],[85.04606361300017,27.805988629000183],[85.04574347100015,27.805812827000068],[85.04554758000006,27.8056479010001],[85.04546726300003,27.805580280000072],[85.04538302700018,27.8054636010001],[85.04532110100001,27.80529036700017],[85.04532466800009,27.80506019900014],[85.04539422700003,27.804773163000164],[85.04550490500014,27.804544499000087],[85.04565762500016,27.804346449000036],[85.04594411000016,27.80397493200013],[85.04619190500017,27.80322850300007],[85.04630471100006,27.802884787000096],[85.04632398000012,27.80239591000003],[85.04634091200012,27.801966306],[85.04647552700015,27.801584030000186],[85.04662907400018,27.801393363000102],[85.04668300800017,27.80136387200008],[85.04686760800018,27.801262941000175],[85.04693316200013,27.801224133000176],[85.04751358400017,27.80123095400012],[85.04796364800012,27.80133357900013],[85.04856857000004,27.80118685200017],[85.04882860000009,27.801056305000145],[85.04913412900004,27.800772023000036],[85.04935410800005,27.800429682000072],[85.04990574100015,27.799552395000035],[85.05016652300003,27.799365416000114],[85.05042674000015,27.799252868000053],[85.050879371,27.799161447000188],[85.05154715800012,27.799093214000152],[85.05180787600005,27.798962668000172],[85.05204935000012,27.798620141000185],[85.05216140500005,27.798332793000043],[85.05221153400004,27.797874334000028],[85.05230384300012,27.797451874000046],[85.052458328,27.797225085000036],[85.05265367900012,27.79709278700011],[85.05343283200017,27.796795765000013],[85.05382090700004,27.796722903000045],[85.05433590000013,27.79678665600011],[85.05452862400006,27.79684609200001],[85.05491488200005,27.796908530000053],[85.05594730800004,27.79690067300004],[85.05614209599997,27.796844993000036],[85.056510677,27.79665720400004],[85.05668603300018,27.79643028900017],[85.05668953800017,27.796200060000047],[85.05650507500008,27.795621735000054],[85.05659394200006,27.795431565000115],[85.05668162100017,27.79531807700016],[85.05681197900009,27.795222338000144],[85.05713625300012,27.79511154000005],[85.05745914699997,27.795115857000155],[85.05765330900005,27.795060241000158],[85.05804388700005,27.79485420300017],[85.05863094200004,27.794439125999986],[85.05940077800017,27.79405029200018],[85.05941103500004,27.794045112000106],[85.06001708400015,27.79382164200007],[85.06021527700011,27.793804720000082],[85.06059813400009,27.79377203200005],[85.06131273200009,27.79349131800012],[85.06189503200011,27.79336502700005],[85.06215399900015,27.793329159999985],[85.06260750600006,27.79319936700017],[85.06306301100005,27.792956708000077],[85.06311462600013,27.792930562000038],[85.06358301000017,27.79269330300008],[85.06474948800002,27.792381976000172],[85.06500745500017,27.792364232000125],[85.06537340500006,27.79236817500015],[85.06550169900004,27.79238973700018],[85.06552628700007,27.792391445000135],[85.06582403300001,27.792412117000083],[85.0667242830001,27.792632986000115],[85.06743318800005,27.792679370000087],[85.06795181000012,27.792533267000124],[85.06823452700019,27.79232579000012],[85.06838757300005,27.792155370000046],[85.06850474400005,27.79205272700017],[85.06860579900018,27.791964204000067],[85.06876752900007,27.79183878100008],[85.06882358500008,27.791795535],[85.0690835530001,27.791664926000124],[85.06940744900004,27.791572189000192],[85.069924383,27.791520828000102],[85.07011810600017,27.79154189200011],[85.0705028650001,27.791660700000136],[85.07079022700009,27.791760752000073],[85.07101641800006,27.79183950600003],[85.07140061300015,27.79201699500004],[85.07178793800011,27.792002628000034],[85.07217688900005,27.79189139600004],[85.07227594000017,27.791838714000164],[85.07256740300005,27.79168529500015],[85.07282630800006,27.791631493000125],[85.07308439899998,27.791633933000185],[85.07359870400018,27.791753994000032],[85.07373837,27.791838677000044],[85.07411037900016,27.792065913000044],[85.07417443200006,27.792067664000058],[85.07501588600019,27.791923504000067],[85.07517167900005,27.791838826000173],[85.07560125300006,27.791605354000183],[85.07618530400015,27.791402257000186],[85.07709193900013,27.791183167000156],[85.07754713300011,27.790976567000143],[85.07784637000009,27.790843363000135],[85.07808887900018,27.790735412000174],[85.07841471600005,27.790527623000116],[85.07897983600009,27.790150979000032],[85.07950233800017,27.78975658600018],[85.07976236800016,27.789626039000098],[85.08002164800013,27.789551738000114],[85.0802156850001,27.78955473999997],[85.0807940420001,27.789676552000117],[85.08099626500007,27.78973811300017],[85.08128258700009,27.78982725700007],[85.08130740900003,27.789834984000095],[85.08150019500016,27.78983798600018],[85.08175947600006,27.789763747000165],[85.08191139600018,27.789670071000046],[85.08197654300017,27.78959542400014],[85.08210768700019,27.789445157000046],[85.08248552800006,27.788666171000102],[85.08268282000006,27.78841869600012],[85.08287767100012,27.788306648000116],[85.08339385400006,27.788237163000133],[85.08358689000005,27.788260476000175],[85.08416387200003,27.78843865800019],[85.08448633000006,27.788404540000045],[85.08476723300015,27.78827599400006],[85.08540097700018,27.787594254000112],[85.08553089800017,27.787521013],[85.08591828600004,27.787448025],[85.08700632400019,27.78774858000014],[85.08719873500007,27.78776958100019],[85.08749558500011,27.787751656000182],[85.08771397900006,27.787738467000054],[85.08797350900005,27.787625919000163],[85.08811987100006,27.7875144140001],[85.08888615500007,27.786930623000046],[85.08914505800004,27.786820324000075],[85.08922288600013,27.78677239500007],[85.08996883700007,27.78631300799998],[85.09016437600019,27.786144464000074],[85.09099003100005,27.785504035000145],[85.09109691300017,27.7853823480001],[85.09153678300015,27.784881538000036],[85.09195455300011,27.784293973],[85.09214984400018,27.784163800000158],[85.09304731800017,27.783785369000043],[85.09325114500007,27.78369942300003],[85.09346843200018,27.783548815000188],[85.09374475000016,27.783214316000112],[85.09379670900012,27.783151418000045],[85.09419560900005,27.782392494000135],[85.09439333800015,27.78212695800005],[85.09452413800017,27.782015408000063],[85.09510743900017,27.78175356600002],[85.09543215100007,27.781568275999973],[85.09600702000012,27.78136198600015],[85.09610069200005,27.781328371000143],[85.09629641900017,27.781177888],[85.09633271100012,27.78110032600017],[85.09642990800012,27.780892603000154],[85.09649928000016,27.780605504999983],[85.09644542600012,27.77997649800011],[85.09655798000006,27.779691401000036],[85.09666740600005,27.779539353000075],[85.09677614300006,27.779445988000077],[85.09712329000007,27.779219889000103],[85.0973639500001,27.778935981000075],[85.09749743800012,27.778650697000103],[85.09771585300018,27.778425596000034],[85.09810480400012,27.778257805000067],[85.09829828000017,27.77820212500012],[85.09900606200006,27.77821232400015],[85.099454062,27.778312510999967],[85.09958210700006,27.778370132000077],[85.09971090300007,27.778373572000135],[85.10003423600006,27.77824246400013],[85.100186156,27.778148787000134],[85.10088307600012,27.777527418000147],[85.1011711750001,27.77697678500016],[85.1013245960001,27.776788365000186],[85.10191146600016,27.776316668000163],[85.102625068,27.775963586000046],[85.1030800750001,27.775682432000053],[85.10327398900017,27.775608693000095],[85.10348964800016,27.77555282500009],[85.10364019200017,27.775517832000105],[85.10409207200007,27.775426222000192],[85.10410882600007,27.77541770500011],[85.10430842000005,27.775316235000048],[85.1045517180001,27.775094047000152],[85.10513588900005,27.774560567000037],[85.10539604400014,27.77439158700014],[85.10570462100003,27.77425153100006],[85.10571988200013,27.774244605000035],[85.10630130600009,27.774118126000133],[85.10687922900001,27.774142821000112],[85.10713757200017,27.774106954000104],[85.107525147,27.773997783000027],[85.10784673000006,27.774001975000033],[85.10810325600016,27.77404278900019],[85.10861293300013,27.774336459000153],[85.10873916399999,27.774470824],[85.10882189800009,27.774623562000045],[85.10898617999999,27.775064400000076],[85.10902792299999,27.77512277000011],[85.10911090800005,27.77529581900012],[85.109237452,27.775394062000032],[85.10962027300019,27.775569178000126],[85.11071450300011,27.77554463700011],[85.11112407700006,27.775414967000074],[85.111626898,27.774849214000028],[85.11187350200015,27.774222275000113],[85.111880198,27.773820686000022],[85.11199475600006,27.773364040000104],[85.11219649000009,27.772870588000103],[85.11237122000011,27.772661672000083],[85.11250108100012,27.772586181000122],[85.11269474200009,27.772550750000107],[85.11297226500005,27.772650059000057],[85.11328484000006,27.773150582000028],[85.11383469300017,27.773595114000045],[85.11420887900005,27.774286995000182],[85.114527522,27.77444455000017],[85.11465625500011,27.77444580200006],[85.11487191300017,27.77438993500016],[85.11500158700011,27.774296383000035],[85.11511282700008,27.77406984300012],[85.1150728,27.772635408000042],[85.11497100800011,27.772349682000026],[85.11434067000005,27.771596738000085],[85.11434667700007,27.771253831000024],[85.11458921700006,27.77085474600011],[85.11488031900018,27.770114755000122],[85.11512561000012,27.76954424700017],[85.11515386400015,27.769142472000055],[85.11530928700012,27.768838877000064],[85.11556944500018,27.768669833000104],[85.11628072800016,27.768470114000024],[85.1164314610001,27.76839443500006],[85.11656219700006,27.768280573000027],[85.11693553300006,27.76776993800013],[85.11711539499998,27.767256424000095],[85.11711670900013,27.767199991000155],[85.11714740300016,27.76666504000002],[85.11727995500013,27.76641806400005],[85.11747518000004,27.766287892000094],[85.11753917100009,27.766287394000074],[85.11773127000009,27.76634676599997],[85.11785843900003,27.76644500900005],[85.11796279500015,27.766599872000143],[85.11810639400005,27.767002463000154],[85.11823218600011,27.767154952000055],[85.11854970200011,27.767389186000116],[85.11886990900007,27.767449811000063],[85.11912737500006,27.767452190000142],[85.1194070250001,27.767398013000047],[85.11973123700011,27.7672307200001],[85.11986197100009,27.767116858000122],[85.12010388400012,27.766776517000096],[85.12026350100007,27.766206696000154],[85.1206781410001,27.765772430000084],[85.12104659900001,27.76552808300005],[85.12135444199998,27.765072128000043],[85.12138000600015,27.764844024000183],[85.12129977300003,27.76449955400011],[85.12137183600004,27.764043221000065],[85.12144227400017,27.763679442000125],[85.12146521000011,27.763622886000064],[85.12150518500016,27.763547129000074],[85.12177486700006,27.763036068000133],[85.12188360400012,27.762940391000143],[85.12214326200007,27.76279172200003],[85.12246759499999,27.76269879700004],[85.12265763400018,27.762683740000114],[85.12279656600015,27.762672903000066],[85.12314225700004,27.762645939000095],[85.12352776700016,27.762706002000186],[85.12397864700017,27.762652702000082],[85.12415075100017,27.762558713000033],[85.12430242000005,27.762386106],[85.12432467200011,27.762270867000154],[85.12427143700006,27.762046201000032],[85.12424250200007,27.761924084000157],[85.12418609100007,27.761060536000116],[85.12423077600016,27.760906738000187],[85.12446849800011,27.760658889000183],[85.1246619740001,27.76060327200014],[85.12485444900017,27.760642272000155],[85.12517434000006,27.760799763000136],[85.12562196100004,27.76110974300019],[85.12607102400017,27.761248238],[85.126291433,27.76123871300001],[85.12645697400012,27.76123155900018],[85.12665038600016,27.761175818000083],[85.12716523700004,27.760889411999983],[85.12729655900006,27.76081635999998],[85.12764076600018,27.760684940000147],[85.12796128300016,27.760783875000072],[85.12836541000013,27.76111222700007],[85.12837489800017,27.761152733000188],[85.12850994100006,27.76172917400004],[85.12859461400006,27.761884162000058],[85.12895443200017,27.76234593900017],[85.12924975499999,27.76288720800011],[85.12941916500017,27.763079881000124],[85.12975986400005,27.763352299000132],[85.12997145500003,27.76364159000019],[85.13022666800009,27.76385607600014],[85.13061054900015,27.764069500000062],[85.13080352300017,27.764090501999988],[85.13101805800005,27.764052634000052],[85.13119129000017,27.76388202700008],[85.13123647700007,27.763595179000163],[85.1313464050001,27.76330783100019],[85.13134909900015,27.763018982000176],[85.13139315800015,27.762865185000123],[85.13150143100017,27.76271638200018],[85.13154508200012,27.7626563930001],[85.13180430000006,27.762464789000035],[85.13193353500003,27.762389235],[85.1323850390001,27.76227725300015],[85.13257782600016,27.76228019400014],[85.13289878300014,27.762358818000052],[85.133113128,27.762361571000042],[85.13322049100009,27.762322263000158],[85.13341465700017,27.762151532000132],[85.13367550400017,27.761808755000118],[85.13393428600011,27.761637400000097],[85.13406277000007,27.76161834100003],[85.13438403900011,27.761660842000083],[85.13472592700015,27.761797836000028],[85.1348539710001,27.761914140000044],[85.1349800100001,27.762145435000093],[85.13510799200003,27.76226173900011],[85.13529758499999,27.762571462999972],[85.13538156900006,27.76278288400016],[85.1354878030001,27.762879003000023],[85.13606497300009,27.763077307000117],[85.13651472300018,27.763159306000034],[85.13696353600011,27.7633360480001],[85.13753770000017,27.763859261000164],[85.13765054900017,27.76404138300012],[85.137811715,27.764301477000117],[85.13800042899999,27.764764625999987],[85.13812772400013,27.764880929000128],[85.13823401700017,27.765035668000053],[85.13842524000006,27.765189783000096],[85.13846723200015,27.765266215000054],[85.13859521300003,27.76538239300004],[85.1390427710001,27.765676500000154],[85.13949183500011,27.76581493200007],[85.13962056800005,27.76581612200016],[85.14000808200012,27.76570463900009],[85.14052564400015,27.765422860000115],[85.14084891600004,27.76529162700018],[85.14188078500007,27.76507335100007],[85.14236066100017,27.764763065000125],[85.14246396400011,27.76469627000006],[85.14304533100017,27.764454489000173],[85.14330342400012,27.76439831100015],[85.14356113800011,27.764420939000104],[85.1439463970001,27.764521561000038],[85.14426672700012,27.764658741000062],[85.14452394400018,27.764640872000086],[85.14471804400011,27.764587381000183],[85.14536434000007,27.764306792000127],[85.14588196400013,27.76402501299998],[85.14659225100019,27.763802546000136],[85.14691439600011,27.76374799299998],[85.14743014000015,27.763714381000057],[85.14854536800004,27.763707337000028],[85.14916734700006,27.763772217000053],[85.14948811400006,27.763889024000036],[85.14978694700017,27.764026392],[85.15008527800006,27.764240503000053],[85.15021269500005,27.764356744000168],[85.15055201700005,27.764782587000184],[85.15082471700009,27.765398412000025],[85.15095119600016,27.765609395000183],[85.15143962100012,27.766112983000085],[85.15153829700012,27.766166006000162],[85.15169595800012,27.766250725000134],[85.15208034200015,27.76638740700008],[85.15240142300013,27.766468156000087],[85.15317306800011,27.766590345000168],[85.15345140500017,27.76665115700007],[85.15364350300007,27.766710467000166],[85.15402882500013,27.76681102700013],[85.15454325399998,27.766892466],[85.15492895400013,27.76691634500014],[85.15538033200016,27.76684485900006],[85.15555861700005,27.76678057300012],[85.15615536100006,27.766565398000125],[85.15645807500005,27.766357609000067],[85.15652256600015,27.76633898600005],[85.1567164170001,27.76626518400019],[85.15716955000005,27.766001965000157],[85.15781534600018,27.765798057000154],[85.15833090300015,27.765744071000142],[85.15871816700019,27.765614527000082],[85.15923353700003,27.765544790999968],[85.15942695000012,27.765545419000034],[85.16000518100009,27.76566685500012],[85.16077645300015,27.765750612000033],[85.16090490900012,27.765790144000107],[85.16096917800019,27.765809922000187],[85.16129044600012,27.765852362000146],[85.16174069800007,27.765857619000087],[85.16193385800005,27.76589655600003],[85.16236207800017,27.76590172500005],[85.16270619500011,27.765905880000105],[85.16292909200018,27.76594514400017],[85.16304858600012,27.765966193000054],[85.16311282600009,27.765985944000136],[85.16326293000009,27.76602750400002],[85.16351926900006,27.76610656400004],[85.16381847800005,27.76622362000012],[85.16398989200019,27.766244746999973],[85.16424691900005,27.76626743800017],[85.16431822300007,27.766289374000053],[85.1644403310001,27.766326686000127],[85.16539962300004,27.76715781500002],[85.16578463000019,27.76735311600015],[85.16623500500003,27.767491424000184],[85.16642835400017,27.76749205200008],[85.16701034300007,27.76736307400006],[85.16765726200003,27.76713879200014],[85.16862995600007,27.76667035000014],[85.16921144200006,27.76655936999998],[85.16979205500019,27.766545444000087],[85.17088665500017,27.76674825599997],[85.17114518200015,27.766730262000124],[85.17191876800007,27.76679370700009],[85.17230471400018,27.766894142000183],[85.17243294400015,27.76697207600006],[85.17262573099998,27.76703132400013],[85.17313921900006,27.767322493000165],[85.17388366500018,27.76815312000008],[85.17413975200014,27.76832692000005],[85.17433316100005,27.76838610600015],[85.17471998700012,27.76838967499998],[85.17493514600005,27.768353994000165],[85.17502263600016,27.76824044300008],[85.17508869500006,27.768068460000165],[85.17517906700004,27.76762775100019],[85.17526618400007,27.767475892000164],[85.17546134800006,27.767343281000137],[85.1758492350001,27.767270107000115],[85.17597790600018,27.767271296000104],[85.17629961100005,27.767349670000044],[85.17668443100007,27.76758334300007],[85.17695951000019,27.76804574300013],[85.17706167200015,27.76858407200018],[85.1770997800001,27.76912065000016],[85.17728862100017,27.76958148700004],[85.17734985400017,27.769964516000186],[85.1776192960001,27.770963869000184],[85.17789431200009,27.771426270000177],[85.17806466200017,27.771636879000084],[85.17816970600018,27.771850299000164],[85.17829774800009,27.77196647800008],[85.17855539900017,27.772043288000077],[85.17887754500003,27.772047293000128],[85.17913582400013,27.772011239000165],[85.17952396100003,27.77189969200009],[85.17971956300005,27.771749084000078],[85.18004365100006,27.771579293000116],[85.18118575500006,27.77130114900001],[85.18176680300013,27.77126909900005],[85.182794656,27.771736324000074],[85.18350400100019,27.771723464000047],[85.18408573699998,27.771632794000027],[85.18473215600011,27.771485130000087],[85.18511960300009,27.77148857400016],[85.1856347210001,27.771569889000034],[85.18589281300012,27.771572206000144],[85.18632582200013,27.771385729000087],[85.18675995800004,27.77108420100018],[85.18708729700018,27.770686616999967],[85.18750081400003,27.77028828500005],[85.18763148900007,27.77011792700017],[85.18782871800016,27.769832018000045],[85.18787252600004,27.769775212000184],[85.18793783100006,27.769718280000063],[85.18830653900017,27.769455685000082],[85.18863081000006,27.769362636000153],[85.18914780500012,27.76932883600017],[85.18972929,27.769335157000057],[85.19018079100016,27.769396660000098],[85.19043844300018,27.76947559500013],[85.19135805800016,27.770020437000085],[85.19169831700015,27.770407783000167],[85.19180361200006,27.770637014000044],[85.19173367400015,27.771095534000153],[85.191837464,27.77148043900013],[85.19183377100018,27.771785037000086],[85.1918103320001,27.77201532900017],[85.19169840100017,27.77239529300016],[85.1916958330001,27.77262539600008],[85.19180044000018,27.772856878000027],[85.19190717300017,27.772991305000062],[85.19210020700018,27.773070863999976],[85.19229443400019,27.77303312100014],[85.192446227,27.772939319000045],[85.19332214200011,27.77157133100019],[85.19362848300017,27.77117168400008],[85.19380227500017,27.77100101500008],[85.19393482800018,27.77071560600018],[85.19398051400003,27.77048737600012],[85.19396152100018,27.770257335000167],[85.19389878400006,27.77008428700009],[85.19379823100019,27.769956419000152],[85.1935798340001,27.769678692000184],[85.19349685300011,27.76939284100007],[85.19347892300004,27.76908618100009],[85.19350111000017,27.76902962500003],[85.19356597600006,27.768990753000026],[85.19408171900017,27.76907200500017],[85.19453046500018,27.769401984000183],[85.19478749000001,27.769539663000103],[85.19510957000006,27.76960003800008],[85.19536810000011,27.769582044000174],[85.19562600100005,27.76968129000005],[85.19583947000001,27.769837404000157],[85.19632914400006,27.770320432000176],[85.19648412900017,27.770413380000036],[85.19652192800004,27.77043604900001],[85.19690850100011,27.77053648499998],[85.19705923000004,27.770517114000086],[85.19706727500011,27.77051259300015],[85.19718965300012,27.770443810000074],[85.19745150000017,27.7701009700001],[85.19754036800009,27.769872306000025],[85.19750106900011,27.769527460000063],[85.19752651100009,27.769125685000176],[85.19761575600012,27.7688790200001],[85.19765949900005,27.76882221400018],[85.19772392900006,27.768803591000164],[85.19819573800015,27.768980021000175],[85.19878983000007,27.769789272000082],[85.198895499,27.770000380000113],[85.19897960900005,27.770155304000184],[85.1991079020001,27.770233174000055],[85.19936555400011,27.77031217200016],[85.19949491100004,27.77031329900018],[85.19979637200004,27.77033549000015],[85.19986124000008,27.77029655700005],[85.20005615300016,27.77020463100007],[85.20025144400006,27.77003377400007],[85.20032081900018,27.76959325200005],[85.20043012100018,27.76944339300013],[85.20062584800013,27.769310845000177],[85.2010790380001,27.769180615000096],[85.20127288800018,27.769221740000035],[85.20140074500017,27.769317670000135],[85.2014412960001,27.769547400000135],[85.20139523199998,27.76985462200014],[85.20128442900017,27.770101473000068],[85.20108507000009,27.770597301000066],[85.20097326600006,27.77097732800013],[85.20097176200011,27.771130688000028],[85.20098954100007,27.771179901000096],[85.20105543400012,27.771362294000028],[85.20120384600017,27.771593400000143],[85.20134969200012,27.772052300000098],[85.20136611800007,27.772512447000054],[85.2013178630001,27.77297077900016],[85.20140178700012,27.773164076000057],[85.20150826800011,27.77327819300018],[85.20170067800007,27.773414122000133],[85.20189384100013,27.7734553090001],[85.20213105700003,27.773457750000034],[85.20223904500011,27.77342069300005],[85.20232590800009,27.77336357400003],[85.20245658300013,27.773193217000085],[85.20252314000004,27.77302117100004],[85.20248452900017,27.77261995599997],[85.20261639100005,27.772390978000033],[85.20281218200017,27.772201999000117],[85.20300728500007,27.77206951500017],[85.20326643900017,27.77199502500008],[85.20356846100015,27.771960846000184],[85.20380668300015,27.77182792399998],[85.20382492400012,27.771799638000175],[85.20402616100017,27.77148758300018],[85.20407053400004,27.771315787000162],[85.20407303900015,27.771085683000138],[85.20403248700018,27.77085589100011],[85.203927883,27.770568040000057],[85.20391208200004,27.77005152200013],[85.20402238500003,27.769822732000023],[85.20398308500017,27.769477950000066],[85.20400783800017,27.769191226000146],[85.20409514400012,27.769057364000105],[85.20422556500017,27.768983998000067],[85.20435423400005,27.768985126000132],[85.20454683200018,27.76913911500003],[85.20480191600012,27.769448217],[85.20516110500012,27.770045169000184],[85.20522321599998,27.77027477500019],[85.20519508200016,27.77088640800008],[85.20557301200017,27.771808019000048],[85.20557044500003,27.772038123000073],[85.20560045600013,27.772188533000076],[85.20563155600001,27.77234441000013],[85.20562648300006,27.77280467999998],[85.20568609100019,27.77326432800004],[85.20574857800011,27.77347362300003],[85.20583356500015,27.773590177000074],[85.20597929200005,27.77369492000014],[85.20604709500003,27.773743978000084],[85.20619776200016,27.77372685800009],[85.20645823200005,27.773537379000118],[85.20693830700009,27.772912755000164],[85.20707017200004,27.77262509600007],[85.20714882400017,27.77252767300007],[85.20752868500006,27.772057155000027],[85.20759524400017,27.77182636400005],[85.20759781200019,27.771598572000016],[85.20747415000011,27.771080804000178],[85.20758489200017,27.770831640000154],[85.2076493830001,27.770815331000165],[85.20782186100018,27.77081602100003],[85.20790747600006,27.770817585000145],[85.20805751600005,27.770856834000142],[85.20829298100006,27.77099238900007],[85.20874028800006,27.771417107000048],[85.20890938600019,27.771686336000187],[85.20910048000019,27.771937380000168],[85.20935525100003,27.772264480000047],[85.20980312100016,27.77263283000019],[85.20999521900006,27.77274844800013],[85.21012376400012,27.77278794600005],[85.21029624000016,27.772790949000182],[85.21040447800004,27.77271545800005],[85.21044884800017,27.77260009300005],[85.21045254300003,27.772254875000044],[85.21036893400014,27.772025519000124],[85.21041462,27.771797289000062],[85.21045811700014,27.771720173000062],[85.21063165900011,27.771587812],[85.21088994000007,27.77155169400004],[85.21108334900003,27.7716109430001],[85.21202408700003,27.772155410000096],[85.21230160900012,27.77236952000004],[85.21244676800012,27.772828482000023],[85.21248487700018,27.773288380000054],[85.21256836000003,27.773558356000024],[85.21277274500017,27.77375948300005],[85.21280238800006,27.773788653000167],[85.21305897400015,27.77394433000012],[85.21344435800006,27.77410107200012],[85.21395991200006,27.7742206960001],[85.21415376100003,27.774203138000075],[85.21434823800007,27.774129272000152],[85.21437407700017,27.774110223000093],[85.21476012600004,27.773825620000082],[85.21501890700006,27.77377144100012],[85.21514782500003,27.773790629000132],[85.21527574400005,27.77388874800016],[85.21538185300005,27.774023238000098],[85.21548614500017,27.774331337000092],[85.21548485500006,27.77435351700018],[85.21545951200017,27.774789483000177],[85.21530665500006,27.775016459000142],[85.21521772100016,27.775283434000073],[85.21530183300018,27.775438360000123],[85.21543037700013,27.775534228000083],[85.21549449200006,27.775535917000127],[85.21583963600017,27.775442618000113],[85.21603467600016,27.77531007000016],[85.2161875330001,27.77513952600009],[85.21649400600012,27.774645076000013],[85.21654377400017,27.774585452000053],[85.2166685470001,27.774435972000163],[85.21684234200018,27.774267490000057],[85.21710206000017,27.774134382000057],[85.21755318800001,27.774157449000086],[85.21851773800006,27.774512185000162],[85.21896529700007,27.774898471000142],[85.21922319900011,27.774939096000026],[85.219611838,27.7748273630001],[85.21986955200003,27.774849927000048],[85.22050989400009,27.775351894000096],[85.2208959030001,27.775452204000032],[85.22121929800016,27.775397464000093],[85.22163000000018,27.775208863000046],[85.22204257800007,27.774851027000125],[85.22269249900006,27.774455011000043],[85.22310319900015,27.774266347000037],[85.22329767600013,27.774192482000046],[85.22336379500001,27.774040747000015],[85.2235409050001,27.773601477000113],[85.22387119000018,27.772915044000058],[85.22391468500012,27.772840176999978],[85.22408779000017,27.77272587700014],[85.22421739800006,27.772688632000154],[85.22537893000003,27.772739273000184],[85.22570214000012,27.772664222000117],[85.22596060500013,27.772648353000136],[85.22628419000017,27.772555243000056],[85.22692997800016,27.772581063000075],[85.22738085400016,27.772642502000053],[85.22763788300017,27.77272143800002],[85.2279590230001,27.77291486400003],[85.22815055600006,27.773089165000158],[85.22827716000006,27.773300085000017],[85.22848430300002,27.774067520000017],[85.22861115600017,27.77429875100006],[85.22885929100016,27.775219235],[85.22888731299997,27.77543509000003],[85.22891896000004,27.77567888300007],[85.22900269400003,27.77590823899999],[85.22921459800017,27.776197404000072],[85.22947106000004,27.776391391],[85.22959954300012,27.77643082700007],[85.22981539000011,27.776395084000058],[85.22987988000011,27.776376462000144],[85.22992362700012,27.776319655000123],[85.22994950700013,27.775917879000076],[85.22986702400016,27.77557347100003],[85.22981226400003,27.77542212000003],[85.22978322800014,27.77534186500003],[85.22969824200004,27.77522756200011],[85.22948953200017,27.77465185900013],[85.22951297000014,27.774480187000165],[85.22957883900017,27.774364574000117],[85.22957946600013,27.77424952200016],[85.22949573100004,27.774076536000052],[85.22911329300001,27.77361525800012],[85.229093799,27.77340334000013],[85.22931208900013,27.773139742000183],[85.22970222999999,27.77287458500018],[85.22996226000004,27.772763973999986],[85.23015523400016,27.772784787000035],[85.23034739299999,27.77295677600017],[85.23047218100004,27.773341432000166],[85.230532101,27.773762769000143],[85.23078762500018,27.77399512800008],[85.2309176710001,27.773937572000136],[85.23146292700011,27.77325595500014],[85.23172721400005,27.772741506000102],[85.23179565200019,27.77240022400008],[85.23165030600006,27.771882644000073],[85.23160994100004,27.771670974000187],[85.23176248800013,27.771482369000125],[85.23189265900015,27.771386443000154],[85.23210763200007,27.771389008000085],[85.23221424100012,27.77150537500006],[85.23229797400018,27.771734730000105],[85.23241919300017,27.772423984000113],[85.23247648200004,27.773113797000065],[85.23270406000006,27.773955477000072],[85.23291514900018,27.774341633000063],[85.23310686900004,27.77447524900009],[85.2333002790001,27.77453668400011],[85.23349350300009,27.774575622000157],[85.23375159500011,27.774577814000168],[85.23420416000016,27.77450607800006],[85.23439819800006,27.77450883100005],[85.23478495700016,27.774568644000112],[85.23517084200006,27.77470726400003],[85.23542855600004,27.77472976600012],[85.23562322000015,27.77467389900005],[85.23575383100007,27.774559912000086],[85.23590662599997,27.774332998000148],[85.23629589200004,27.774164768000105],[85.23661953599998,27.774130340000056],[85.23681188500018,27.774207524000076],[85.23732768900004,27.77428865100012],[85.23790673400009,27.774466207000046],[85.23816382200005,27.774603761000094],[85.23861388400019,27.774759881000023],[85.23900152099998,27.774727076999966],[85.23917487500012,27.77463308900019],[85.23943665800005,27.774348743000132],[85.23950321600006,27.77417669800019],[85.23952909700012,27.773777109000093],[85.23966139800018,27.77347138900018],[85.23979194700001,27.773357462999968],[85.23998623500012,27.773265475000187],[85.24050072500006,27.773461591000057],[85.24069294400005,27.773635829000114],[85.24135077900007,27.774444330000108],[85.24177477200004,27.775040596000053],[85.24202603000003,27.77525085300016],[85.24203085900018,27.775254894000057],[85.24235281500017,27.77535351500012],[85.24299879000006,27.77534090200004],[85.24400556200004,27.775052869000092],[85.24442336000016,27.774933338999972],[85.2450078390001,27.774853313000108],[85.24558758500012,27.774773935000155],[85.24573862500017,27.77468053700005],[85.24573937800017,27.774680070999977],[85.24586949000008,27.77458414400013],[85.24591323500005,27.77452733800004],[85.24607097600006,27.77389877200011],[85.24605123300012,27.77372753700007],[85.2459674370001,27.773495993000097],[85.24575553400007,27.773206829000117],[85.24575653600016,27.773073653000154],[85.24593070399999,27.772941292000098],[85.24616992900019,27.772677446000102],[85.24630028700011,27.772601829000166],[85.24675304100009,27.772491721000108],[85.246860652,27.772531346000108],[85.24705174700011,27.772723644000052],[85.24719884500001,27.773108050000076],[85.24743105500005,27.773512016999973],[85.24751060500006,27.773594762000187],[85.24760371700012,27.773636821000025],[85.24764114900006,27.773638759000164],[85.24846179200017,27.773656084000095],[85.24910332700006,27.773864640000113],[85.24937672300013,27.77409231100006],[85.24963268000005,27.774412600000176],[85.24985714000019,27.77501736100004],[85.25002541500015,27.775190108000174],[85.250253639,27.77542439500013],[85.25091867300017,27.775639449000153],[85.25137186100017,27.775675953000132],[85.252509,27.775602614000036],[85.25251108800018,27.7756024790001],[85.25267550100006,27.775675476],[85.25311636800018,27.77629855200007],[85.25341937200005,27.777121485],[85.25386675400011,27.777746969000077],[85.25439571400017,27.778486504000114],[85.25534806400009,27.779531364000036],[85.25602284100006,27.779983211],[85.25629811100009,27.780206195000176],[85.25733016400011,27.78013147000013],[85.25826936800001,27.779423549000057],[85.25846684400005,27.779204328000162],[85.25901509900018,27.77859569800006],[85.26058807800007,27.77863315800016],[85.26185490000006,27.779011896000043],[85.2625716710001,27.779294632000187],[85.26309578800004,27.779501374000063],[85.26469243600019,27.78026508199997],[85.26493790100017,27.78038238900018],[85.26502257500005,27.780408701000056],[85.26583293100015,27.780590104000055],[85.26595201200013,27.780616760000157],[85.26659567100018,27.780890559000113],[85.26704185500017,27.78115266800006],[85.26712753000004,27.78120379100011],[85.268092325,27.781943866000177],[85.2682292400001,27.782048672000144],[85.26849120100019,27.782325963000062],[85.26881803900005,27.782776500000125],[85.2692065220001,27.78331201200001],[85.26938305600015,27.78355630600015],[85.26942573700006,27.783625864000044],[85.26962814000018,27.78396014900011],[85.27028022300004,27.784748215000093],[85.27076971200012,27.78523099199998],[85.27121495500012,27.785671273000105],[85.27132962600007,27.785774016000175],[85.2714694760001,27.785971251000035],[85.27219461900017,27.786537589000034],[85.272252923,27.786588959000028],[85.27260061900017,27.786987304000036],[85.27365532800013,27.788195777000055],[85.27516808700017,27.790067761000046],[85.27590528400015,27.790857266000103],[85.27602801500007,27.790989255000113],[85.27707992000018,27.79184125900008],[85.27748067100003,27.792166925],[85.27769064100016,27.79233416300019],[85.27853544300007,27.79322527400012],[85.27865317900006,27.793349464000073],[85.2791597260001,27.793825305000098],[85.27935325900006,27.794024290000152],[85.27942931000007,27.79410253500015],[85.27992104500015,27.794605561000026],[85.28092206800011,27.796089696000138],[85.28195546200016,27.797577955000122],[85.28255428700004,27.7986752810001],[85.28266715200004,27.798882101000174],[85.283482456,27.80004307400003],[85.28418453100011,27.80096375200003],[85.28473170100011,27.801269984000157],[85.28656174800005,27.80242597500012],[85.28893258900007,27.80352953100015],[85.28901827100003,27.80356941400015],[85.289301481,27.803702095000176],[85.28946858300014,27.803779466000094],[85.29079889200017,27.804396434000182],[85.29127494200014,27.804965016000153],[85.29164587800011,27.805706081000096],[85.2916696580001,27.80702321299998],[85.29166836100012,27.807076992000077],[85.29162412400007,27.80890954500012],[85.29213017500012,27.80922290000018],[85.29326077300004,27.809677289000035],[85.29366608300018,27.80984018400011],[85.29457551700011,27.810206167000104],[85.29522172500009,27.811052790000076],[85.29526395600016,27.811083010000118],[85.29542713300003,27.81119977900005],[85.29735716900007,27.812156227000173],[85.29846726600016,27.812375852000116],[85.29856013,27.81239753800014],[85.29989075800017,27.812709908000045],[85.30059804200005,27.812556621000056],[85.30178015500007,27.81173784000009],[85.30178449800019,27.81173510500014],[85.30220572900015,27.811469871000043],[85.30268036000007,27.811169905999975],[85.30404756100012,27.81087726900006],[85.30466617100012,27.81067735900018],[85.30479890300012,27.810635615000137],[85.30603924200017,27.81045465300008],[85.306307269,27.810540088000096],[85.30817573800016,27.812190537000163],[85.30877089500012,27.81271624700014],[85.30914246400005,27.812972168999977],[85.309736944,27.813250778000054],[85.31005714800006,27.813342463000083],[85.31069925100013,27.81335891000009],[85.31116056200005,27.813483157000178],[85.31205638000012,27.813503858000047],[85.31214699000014,27.813494626000136],[85.31310561900011,27.81339694900015],[85.31384758100006,27.81343952000003],[85.31450980500011,27.81355052100008],[85.31526701700011,27.81353659800004],[85.31562965700004,27.81346992200008],[85.31720151000019,27.813579065000113],[85.31780186900005,27.813503395000055],[85.31949220200016,27.813710654999966],[85.31994689300006,27.813699476000068],[85.32044063800015,27.813773665000042],[85.32204541600004,27.81419371800007],[85.32275325799998,27.81429747100003],[85.32363009700015,27.814523004000137],[85.32409769800006,27.81464327600014],[85.32531926100012,27.81465993000012],[85.32603900200007,27.814669744000014],[85.32671804000012,27.814595574000123],[85.32734920200011,27.81470001400004],[85.32836263000013,27.814791835000108],[85.32897579700017,27.81482428000004],[85.32970370200007,27.81480373300019],[85.33096215600011,27.814963052000166],[85.33099548100012,27.81496725300002],[85.33215905700013,27.81511393400018],[85.33257856500018,27.815082819],[85.33347607600007,27.81487335300011],[85.33421517300008,27.814570705999984],[85.33429802200004,27.814520341],[85.3349240870001,27.81413975600003],[85.33566968100013,27.81390241500003],[85.33634285000016,27.813503463000075],[85.33716605600006,27.813339804000123],[85.33802308900016,27.813247048999983],[85.33810481000012,27.813238204000072],[85.33913018100009,27.812959809000063],[85.33951457200004,27.812694402000034],[85.33985865500017,27.812569232000158],[85.34083260500012,27.81181987900004],[85.34156618300005,27.811046603000193],[85.34173119300004,27.810872665000034],[85.34228344400015,27.810352971000157],[85.34279270100012,27.809874272000116],[85.3438597650001,27.809017993000055],[85.34425759300018,27.808772709000152],[85.34519297100013,27.808657610000125],[85.34698548000017,27.808820564000143],[85.34763834,27.808960129000013],[85.34946820300019,27.80935131000018],[85.35166833900013,27.809801244000084],[85.35206127000004,27.809879255000055],[85.35318413000005,27.810102182000094],[85.35683936600014,27.811525866000125],[85.35919245800017,27.812783799000044],[85.35956584800016,27.812983409000026],[85.36111818800015,27.813766739000187],[85.36159137100015,27.81396735400017],[85.36379185400006,27.812862804000076],[85.36429839300013,27.812413735000177],[85.36480311400004,27.811966277000067],[85.36675162700004,27.811006271000053],[85.36695584600017,27.810913825000057],[85.3692110880001,27.809892911000134],[85.36996123500006,27.809553331000075],[85.370960046,27.809236565000162],[85.37150079100007,27.809064339000145],[85.37258327200004,27.80904904600004],[85.37262326700005,27.80905542200003],[85.37272944000006,27.809072360000187],[85.37370961300007,27.80951047200017],[85.37406250200019,27.809668204000104],[85.37536381800004,27.810106438000105],[85.3761952960001,27.81016963100012],[85.3764659200001,27.810190199000033],[85.37719200900005,27.81032732400007],[85.37772236800015,27.810631870000066],[85.37790640700018,27.81073754900018],[85.38012453300007,27.811502643999972],[85.3803151300001,27.811581953000086],[85.38160376300004,27.812013499000102],[85.38234647600012,27.812163998000187],[85.38239916700013,27.812166273000116],[85.38340633300015,27.812209762000066],[85.38381809000003,27.812271077000048],[85.38514297800003,27.812167547000058],[85.38550630499998,27.812204487000088],[85.38582538700012,27.81230504600012],[85.38655234300006,27.812760205000018],[85.38696165400006,27.81317792500016],[85.38734276400015,27.814365200000054],[85.38752867400007,27.814573123000116],[85.38775039100005,27.814746860000184],[85.39024415400007,27.816221897000105],[85.39039835600005,27.81632273600019],[85.39056010700017,27.81642850900016],[85.39066215399998,27.816519939999978],[85.39071202100013,27.816553312999986],[85.39164932100005,27.817184522000105],[85.39279536900005,27.816577409000047],[85.39336967300011,27.816007537000132],[85.39362909000016,27.815750123000157],[85.39441412300005,27.81518956000008],[85.39503085800015,27.814957718000073],[85.3966217850001,27.814416042000175],[85.39717415600006,27.814166824000154],[85.39869324000017,27.81399088100011],[85.39905266100016,27.8139492520001],[85.40078212800012,27.81358662600013],[85.40126239699998,27.81338341999998],[85.4013120620001,27.813362405000134],[85.40136929600004,27.813355191000085],[85.40205171700012,27.81326917600012],[85.40236603900019,27.813083947000166],[85.40331387800018,27.812525390000076],[85.40461129100015,27.81151744000016],[85.40591792400016,27.81176356499998],[85.40664975100009,27.811754529000154],[85.4069540380001,27.81175077300003],[85.40798578500011,27.811383822000096],[85.40922575200011,27.811039624000045],[85.4102979970001,27.81052556400016],[85.41038461099998,27.810473745000024],[85.41131456200014,27.80991738600011],[85.41258283600007,27.80980516900013],[85.41289799400005,27.809918003000064],[85.41318943900006,27.810022346000096],[85.41333410400006,27.810074970000187],[85.41358069600005,27.81011528200014],[85.41428479200005,27.810069736000116],[85.41436715700019,27.810064362],[85.41548645100005,27.80975741000003],[85.41640114600017,27.809666808000145],[85.41748412600009,27.809689512999967],[85.41781770800014,27.809636461000025],[85.41935338200017,27.809600366000154],[85.41942283300017,27.809560839000028],[85.41946230600013,27.80953837200019],[85.42006247600006,27.80955025600008],[85.42059496800005,27.809483835000037],[85.42169450699998,27.809657588000107],[85.42276223500005,27.80991945800008],[85.42340674100012,27.81013377000005],[85.42497967500003,27.810656805000065],[85.42645097200017,27.811029609],[85.42801381599998,27.811563902000103],[85.42896824700017,27.811797648000095],[85.42973676200006,27.812218373000178],[85.43094714400007,27.813148686000147],[85.43141883400017,27.813087324000037],[85.43172760900006,27.812885723000136],[85.43246339600012,27.81240659100007],[85.4329774570001,27.812236614000142],[85.43432304400011,27.811534576000156],[85.43437778900011,27.81151079500006],[85.43512650800017,27.811185558000034],[85.43580467000015,27.811097390000043],[85.43594615500007,27.811003402000097],[85.4360754490001,27.81099752900002],[85.436678051,27.811291326000116],[85.43688451900005,27.811460627000145],[85.43734135000011,27.811836477000156],[85.43739619200005,27.81188159800007],[85.437728886,27.812482736999982],[85.43833585900006,27.812916272000052],[85.43874986200012,27.813142071000186],[85.43945026200015,27.81339643500013],[85.43973547300004,27.813429562000067],[85.44015429500007,27.813398135000057],[85.44317445200011,27.813619230000143],[85.44331624800009,27.81364909600012],[85.44387860600011,27.813767542000164],[85.44522023200011,27.814166279],[85.44604773900005,27.814527573000078],[85.44644249800012,27.814645258000155],[85.44720519800018,27.81514485000008],[85.44773911300007,27.815849797000055],[85.44814054200015,27.816608047999978],[85.44841913400006,27.817413570000042],[85.44847560200014,27.817576843000154],[85.44849876600011,27.81850819800019],[85.4486771500001,27.819057169000075],[85.44910583100017,27.820376416000045],[85.44918018800018,27.820817815000055],[85.44904225400012,27.821464381000112],[85.44837512300006,27.822479625000085],[85.44832726300001,27.822552458000132],[85.44811353,27.823082532000114],[85.44799665900001,27.823548488000142],[85.44810112600004,27.824393289000113],[85.44811391400003,27.825451133000115],[85.44812903600007,27.82554343700008],[85.44813340900015,27.82557056000013],[85.44817014699998,27.825798684000176],[85.44821826300006,27.82609745200017],[85.44832511600015,27.826407613000185],[85.44853174200017,27.828016099000024],[85.4487560660001,27.82895445500003],[85.4487201440001,27.829312215000186],[85.44870006200006,27.829512218000104],[85.44899680800012,27.830745301000093],[85.44911278600011,27.83102152700019],[85.44970268500015,27.832021386000065],[85.44999614000017,27.832379233000097],[85.45054991200016,27.833052437],[85.45092524100005,27.833508711000093],[85.451775107,27.834539696000036],[85.45259364200018,27.836554529000068],[85.452692674,27.83727084300017],[85.45269363500017,27.837392422],[85.45270750700007,27.839149738000117],[85.4528171610001,27.839947168000037],[85.45315722900017,27.840615802000116],[85.4533269420001,27.841214065000145],[85.45338392399998,27.84168039800005],[85.45360568500013,27.842796928000098],[85.45410569300014,27.843588361000116],[85.45424988700017,27.84381659700017],[85.45462747700014,27.846011970000177],[85.4545175450001,27.846423681000033],[85.45435087300018,27.84677283400009],[85.45407140200007,27.847129922000136],[85.45356683400001,27.847593185000164],[85.45305019900019,27.848295676000134],[85.45269535500012,27.848573771000133],[85.45152437400014,27.849491480000097],[85.45122984100004,27.84990962500018],[85.45114084300013,27.85042045300014],[85.45139992400016,27.85082142100009],[85.45217125300013,27.851183340000148],[85.45224274200007,27.851216463000128],[85.4524508720001,27.85133525200007],[85.45291014500015,27.851597378000122],[85.45328146300017,27.85188448400004],[85.45359959600006,27.85247887400004],[85.45397472700012,27.85282684900011],[85.45474502800016,27.853822165000054],[85.45563539700004,27.854972623000037],[85.45594535200019,27.85518592300008],[85.45662543900005,27.855652455000154],[85.45706193,27.856308778000027],[85.45867751000014,27.857330648000186],[85.45869312800016,27.85734052700019],[85.45915137200006,27.857728188000067],[85.45947932500013,27.857911927000032],[85.45988107700015,27.85820547100019],[85.4599909960001,27.85835764600006],[85.46063825400017,27.859778718000086],[85.46084483900012,27.860419476000118],[85.46081826000017,27.86132427000007],[85.46080246300016,27.86143007400011],[85.46060744400012,27.86273639000018],[85.46076122600005,27.863176916000043],[85.46241879400009,27.864318843000092],[85.4627941390001,27.864474411000174],[85.46376141700006,27.86487531500012],[85.46410080900006,27.864914569000177],[85.464774525,27.865184868000085],[85.46498799500012,27.86534273300009],[85.46528463400006,27.865696018999984],[85.46543029500009,27.866003494000154],[85.46547653400012,27.866303260000052],[85.46552895700012,27.8666431260001],[85.46543588800012,27.8674584260001],[85.46577158800017,27.867790966000086],[85.46630882500011,27.86795895900019],[85.46701497900011,27.86809133400004],[85.46750710000009,27.868063533000168],[85.46772620300015,27.867988503000163],[85.46834343500007,27.867777136000143],[85.468798934,27.867817391000187],[85.46898003500019,27.867930508000086],[85.46977591100011,27.868734138000093],[85.47007442600005,27.869132482000055],[85.47013922200006,27.869418271000143],[85.46998992500005,27.86964093500012],[85.46957928300003,27.87006032800008],[85.46932774200008,27.870604463000063],[85.46932424000016,27.870768427000144],[85.46930866200012,27.8714979450001],[85.46906380000007,27.87239386100015],[85.46901272800011,27.873127481000097],[85.46907701900005,27.87375167700003],[85.46938340200006,27.874352940000165],[85.46974522600016,27.87496241400015],[85.469869131,27.87517112600017],[85.46988794200007,27.87520249900018],[85.46989393900014,27.875267867000105],[85.46991493100006,27.87550678500014],[85.46988779800006,27.876039424000055],[85.46979661100005,27.876570499000024],[85.46978104400011,27.876875222000137],[85.46959667900006,27.877553909000028],[85.46952849800016,27.877629089000038],[85.46935157200011,27.87815428900018],[85.46911797100006,27.878526688000136],[85.46900661100005,27.878664701000105],[85.46877463100003,27.87895220600018],[85.46845829100016,27.879262360000098],[85.46821425700006,27.879425154000046],[85.46803334200007,27.879607510000085],[85.46798265600017,27.879759182000157],[85.46798871100003,27.88006359400015],[85.4681837380001,27.880454062000126],[85.46822078600013,27.880990577000034],[85.468205217,27.88129530000009],[85.46824027200017,27.88144828700007],[85.46827232600015,27.881660017000172],[85.46839818299998,27.881721827000092],[85.4685264790001,27.88172720400013],[85.46903415800011,27.881863888000055],[85.46948134700011,27.88194038900008],[85.470114884,27.882136632000083],[85.47112274099999,27.882561237000118],[85.47150819100011,27.882577429000037],[85.47170328900006,27.882548248000035],[85.47199113000016,27.88242027000007],[85.47209824200019,27.88237264600008],[85.47255530800015,27.882239166000033],[85.47274972200006,27.88220998500003],[85.47307005400012,27.88224267400011],[85.47371908400015,27.882556033000014],[85.47394723800005,27.882718272000034],[85.47419232600004,27.882957067000177],[85.47424494000012,27.883188797000173],[85.47437922700016,27.88349871000014],[85.47503636900018,27.8845000070001],[85.47527057700017,27.884966719000033],[85.47534100500013,27.885276766000175],[85.475375865,27.885430242000098],[85.47564037700005,27.88612893400017],[85.47567211699999,27.88635872599997],[85.47578490800004,27.88666882600006],[85.47581582499998,27.886710925000102],[85.47588514200015,27.88680531500006],[85.4759512500001,27.887190344000032],[85.47595280700017,27.88732334700012],[85.47595929700014,27.887878282000145],[85.47603757700006,27.888874507000025],[85.47610774800006,27.889182794000078],[85.47627145000013,27.889630404000172],[85.47627784100001,27.889647881000087],[85.47639156800011,27.889937669000062],[85.47647529900001,27.890399191000085],[85.47645635400016,27.890780656000118],[85.47634660000011,27.891302891000066],[85.47620167400004,27.891992482000035],[85.47618216800004,27.892371634000142],[85.47631913400016,27.89306495000011],[85.47633868399998,27.893524909000064],[85.47644397400018,27.893986244000132],[85.47667749400017,27.89445520800001],[85.47754235400015,27.895596370000135],[85.47765811700003,27.895709528000054],[85.47797147500017,27.896015839000086],[85.47809226900006,27.8961747030001],[85.47830491800016,27.896641602000102],[85.47852188200017,27.89701151000014],[85.47879064500012,27.89763345900019],[85.47886087800015,27.89794174500014],[85.47888855700006,27.898248219000095],[85.47885021200017,27.89900776500002],[85.47885004500006,27.899011087000133],[85.47893233400004,27.899510981000105],[85.47893734200011,27.89952466699998],[85.47898907300004,27.89966603100015],[85.47908024300011,27.89997638000017],[85.47911803700003,27.900512832000118],[85.47909808400004,27.900909210000066],[85.47907202400006,27.901426937000167],[85.47911332100017,27.90188889700005],[85.47918948500006,27.902501655000094],[85.47927727700005,27.902888685000164],[85.47930694600012,27.903576374000124],[85.47950409000009,27.904347996000183],[85.47985515300007,27.90505031400005],[85.48004788800012,27.90528940500019],[85.48015798000017,27.90542597300015],[85.48033557400015,27.905739886000106],[85.48057766000011,27.90603505100006],[85.48079537500007,27.906407209000122],[85.48118499300017,27.90718802100008],[85.48129434400005,27.907574801000123],[85.48150299200012,27.908116193000126],[85.48188449300011,27.908628653999983],[85.48200741100015,27.908749145000115],[85.48217182400003,27.908889510999984],[85.48257457200009,27.90942203300017],[85.48284739700006,27.909967239000025],[85.48308710900017,27.910321086000067],[85.48327251800015,27.9104634520001],[85.4836485890001,27.91066919000008],[85.48377144500012,27.910787431000188],[85.48387074100015,27.910946544000126],[85.48399365000012,27.911484248000193],[85.48412462400012,27.91187315300016],[85.4840449400001,27.912173999000174],[85.48385452100007,27.91254827400013],[85.48375827799998,27.912754630000165],[85.4837024850001,27.9130472330001],[85.4836712180001,27.91321121300018],[85.48365165000007,27.91359261500014],[85.48368339100011,27.913822408000044],[85.4836563820001,27.91435504700013],[85.48368818500018,27.914587028000085],[85.48384347100006,27.91489893900018],[85.48394476800013,27.91501736800012],[85.48396226400018,27.91509386200005],[85.48404568700005,27.91515616900017],[85.48448736600011,27.915746937],[85.48460722300018,27.915923798000165],[85.48468652100013,27.91606047500005],[85.48494822900011,27.916396137000106],[85.48525818200011,27.916636371000095],[85.48554995300003,27.916802424000025],[85.48558975800017,27.916835797000033],[85.4858183500001,27.91702284600018],[85.48589698600006,27.917122606000078],[85.486222097,27.91753505700018],[85.48627981400011,27.917765613000086],[85.48647329100004,27.918538472000137],[85.48656914900016,27.918772016000105],[85.4868521030001,27.919125301000122],[85.48699622800001,27.919232897000143],[85.48720361400012,27.919387722000067],[85.48742139000007,27.919759816000123],[85.48745981000019,27.920296270000108],[85.48742674600015,27.920524499000066],[85.48734834300012,27.920698781000112],[85.48725851000006,27.920898462000025],[85.48721463200019,27.921354608000115],[85.48733485200017,27.921971430000156],[85.48713216900018,27.923031519],[85.48712335300019,27.923221190000163],[85.48723376600014,27.923587595000015],[85.48720000700013,27.924273721000134],[85.4872364250001,27.92448151200017],[85.48726748900003,27.924658751000038],[85.48725598600004,27.924886668000113],[85.48715136600009,27.925264570000138],[85.48705973000011,27.925411399000097],[85.48691895200005,27.925636970000028],[85.48683995500016,27.92594006700017],[85.48685345100006,27.926093365000042],[85.48685796700005,27.92614705800014],[85.48688075100017,27.92641790000016],[85.48677406900003,27.92683411000013],[85.48631274100006,27.927502292000042],[85.48583928400006,27.928398390000098],[85.48561362200002,27.928762398000174],[85.48451166200016,27.930539927000098],[85.48436786200017,27.93083920900017],[85.48430033500017,27.931021613000155],[85.48392264600011,27.932041845000185],[85.4836180480001,27.93256391800014],[85.48318911600018,27.933186972000158],[85.48301723400016,27.933436641000128],[85.48275982100006,27.933883784000102],[85.48253690100012,27.934486227000093],[85.4823632770001,27.93539489200009],[85.48232233600004,27.935794605000183],[85.48229023100015,27.93632600300009],[85.48220737200012,27.937697434000142],[85.48229241300015,27.938158956000166],[85.48229026800004,27.939074811000182],[85.48226126900005,27.939226235000092],[85.48207385000006,27.93954414000018],[85.48201251000017,27.939626559000146],[85.48186743300016,27.93982148700013],[85.48179719000012,27.939932789000125],[85.48172557200002,27.940082462000134],[85.48171813100004,27.940235947000133],[85.48181666900018,27.940850706000106],[85.48188620399998,27.94161689000009],[85.48195706100012,27.941925175000108],[85.48193474300018,27.942381072000103],[85.48196109800017,27.94314775400011],[85.48203967500018,27.943489709000062],[85.48204951600019,27.943532533000052],[85.48216643100017,27.943768201000182],[85.48246594500011,27.94421829100014],[85.48267934400008,27.944685192000122],[85.4827536410001,27.944918984000083],[85.48278131800015,27.945225457000163],[85.482748255,27.94545368600012],[85.4824328520001,27.945748029000015],[85.48218975700019,27.945892761000096],[85.48214307300003,27.945967755000083],[85.48209773700017,27.946140201000162],[85.48206339000012,27.946270851000122],[85.48204450900005,27.946652254000185],[85.48210026900006,27.947062291000066],[85.48210730400018,27.94711402600018],[85.48209987100017,27.94713058900004],[85.48193844200006,27.947490302000062],[85.4819796760001,27.947952261000182],[85.48209007700007,27.948172140000167],[85.48221401100005,27.948418974000163],[85.48207288900011,27.94910397200016],[85.48207190400007,27.949123818000032],[85.482053946,27.949485375000165],[85.48205808500012,27.94949827900018],[85.48212824200016,27.94971691900014],[85.48217354100007,27.950102197000035],[85.48206135800012,27.950633523000135],[85.48206003500007,27.951093669000045],[85.48215800800011,27.951708428000188],[85.48223236700011,27.95194222000015],[85.48237078100004,27.952175328000067],[85.48237683700017,27.952481988000045],[85.48230121600005,27.95271071700006],[85.48206817600015,27.953083178000043],[85.4816187460001,27.953540176000047],[85.48161528800017,27.953543692000153],[85.48138224800005,27.953918405000138],[85.48128163100017,27.954221751000034],[85.48127618200016,27.954756453000016],[85.481281949,27.954821066000136],[85.48131741700013,27.955218412000136],[85.48128497900007,27.955446578000192],[85.48120529400018,27.955749675000163],[85.48116472900006,27.95612914000003],[85.48097024500015,27.956582409000134],[85.480580099,27.957082856000056],[85.48010827700006,27.95750524800019],[85.47988217400012,27.957701032000045],[85.47970469700005,27.957854710000163],[85.47915706800012,27.958496706000176],[85.4785727580001,27.959055646000024],[85.4783914030001,27.959258374000115],[85.47836634200007,27.959335305000025],[85.47841964200006,27.959564846999967],[85.47889099700006,27.96050270900014],[85.47917126300018,27.960935051000035],[85.47928147600015,27.961068642000157],[85.47941472200017,27.96123015400019],[85.47957651000002,27.961447261000103],[85.47995969800013,27.96197772000005],[85.48021846600005,27.962410312000145],[85.48039330800009,27.962798654000096],[85.48056377600017,27.96328405200012],[85.48061132400005,27.96364901900006],[85.48046501400017,27.96446713100005],[85.48047234500018,27.964545425000154],[85.4805080590001,27.96492684100008],[85.48078294900012,27.965474295999968],[85.48088676200007,27.9656066980001],[85.481046031,27.96580983300015],[85.48132192100013,27.96633697900006],[85.48134466400012,27.966686642000127],[85.48134684600012,27.966720195000164],[85.48137659200012,27.966758036000158],[85.481610553,27.967055669],[85.48216814700015,27.967976784000086],[85.48246122000018,27.968600734000063],[85.48250001200017,27.968769230000134],[85.48251458400011,27.96883252600003],[85.48267286600009,27.969124065000074],[85.48279384900007,27.969282928000155],[85.48291101500013,27.96953653300011],[85.4836898310001,27.97033110000001],[85.48430923700005,27.970852375999982],[85.48455982600007,27.971014303000175],[85.48487296700011,27.97119816800017],[85.48519017300009,27.971307601000092],[85.48615248000004,27.9714009220001],[85.48660242100004,27.971418553000035],[85.487496212,27.97129738600006],[85.48770496500015,27.971269086000177],[85.48822008600007,27.971268033],[85.48860990900005,27.971207419000166],[85.48951479000004,27.97114575300003],[85.48998741499997,27.97114513700018],[85.49011577400006,27.971150513000055],[85.49026437900017,27.971194012000183],[85.49083830000012,27.971311824000168],[85.49121924700012,27.97144082],[85.49153438800016,27.97158624900004],[85.49180159800011,27.971845043000144],[85.4918725180001,27.97215332800016],[85.49181913600012,27.972841829],[85.49178325800017,27.973146802000144],[85.49173828400018,27.973361286000113],[85.49169982300009,27.973544702000027],[85.49164637800004,27.97423101400011],[85.4918649650001,27.974603110000032],[85.49195645000009,27.974716566000154],[85.49208855500012,27.97488040100012],[85.49226790000012,27.975173941000094],[85.49230370400005,27.975329239000132],[85.49224963400019,27.97601555300008],[85.49213201900017,27.976240155000028],[85.491758845,27.976745414000163],[85.49165000600016,27.976892776000113],[85.49124991800011,27.977641514000027],[85.49108912200012,27.977866554],[85.49100331000011,27.978320887000052],[85.49098843100006,27.978627859000028],[85.491052663,27.97908956800012],[85.49093835100018,27.979697637000072],[85.49070930100004,27.980453503000092],[85.49001598600012,27.981958794000036],[85.48971188900009,27.982483180000088],[85.48941629600006,27.98283608000014],[85.48934123900017,27.983062433000157],[85.48931616800013,27.98359732299997],[85.48938377400003,27.98398228900004],[85.48937017300005,27.984711600000082],[85.489369511,27.984747158000175],[85.4894404320001,27.985055506000094],[85.48945117500006,27.985285361000024],[85.48941198400007,27.98566701300018],[85.48934036500009,27.985818874000017],[85.48915894800012,27.98602166500001],[85.48866905500017,27.98684583300019],[85.48859399800006,27.987072185999978],[85.48850131000006,27.98768000500013],[85.48832225700005,27.98828644800011],[85.48793235000005,27.989267414999972],[85.48776805400013,27.989566948000174],[85.48765317900012,27.990174954000054],[85.487553123,27.990476050000098],[85.48753590100017,27.99049934800007],[85.48730546100012,27.990811079000025],[85.48727746400004,27.990849013000116],[85.48723007500013,27.991842047000034],[85.48715445500005,27.992070713000146],[85.48711520000012,27.992450054000187],[85.48716856400006,27.992681847000085],[85.4874218920001,27.993227239000078],[85.48770365900003,27.99362120899997],[85.48782732800004,27.9937417000001],[85.48787209400001,27.993818799000167],[85.48814490000007,27.994288656000037],[85.48850665200013,27.99481930400009],[85.48900325500011,27.995680172000107],[85.48938806700016,27.996174509000014],[85.48984106000006,27.996591417000047],[85.49002390600009,27.99681052600016],[85.49020225200007,27.997122126000193],[85.49056743100004,27.998036238000168],[85.49097688800003,27.998943478000058],[85.491305985,27.999672667000084],[85.49124985800006,28.00016049800007],[85.49283316700007,28.001409330000172],[85.4940934930001,28.00240340800019],[85.49421340800018,28.00271113200006],[85.494204277,28.00301573100012],[85.49377367700009,28.00445509400015],[85.4933829630001,28.00508119100016],[85.4931401770001,28.005470241000182],[85.49267327500019,28.00667762600017],[85.49259350700015,28.007896577000054],[85.49269872700017,28.008660199000133],[85.49293361700006,28.00942682200008],[85.49296272800007,28.009884407000186],[85.49315443600011,28.010651528000153],[85.49320459799998,28.0107224570001],[85.49323673400016,28.010767894000026],[85.49344688300005,28.011530376000053],[85.49370163499998,28.01245468800016],[85.49399333600007,28.012987035000037],[85.49480131900003,28.01446159000011],[85.49523704700005,28.015690738000046],[85.49526164600019,28.015805013000147],[85.49550054800005,28.016914945000167],[85.49582130100003,28.01768519300009],[85.49631365500011,28.018458072000044],[85.49641637800016,28.018668231999982],[85.49684006200005,28.019535046000158],[85.49698858900018,28.020302667000124],[85.49696119700002,28.021214273000055],[85.49697989300017,28.021735251],[85.49700772500017,28.02251078300003],[85.496889028,28.023576810000066],[85.49680554200006,28.02631837500013],[85.4968450020001,28.02784286499997],[85.4969704510001,28.028978787000028],[85.49701369700011,28.029370355000083],[85.49699049500015,28.030130787000132],[85.49683031700005,28.030640890000143],[85.49680000700005,28.03073741700001],[85.49675119000017,28.03121417500006],[85.49673781500002,28.031344798000077],[85.49672111700005,28.031392457000038],[85.49631415500016,28.03255405800013],[85.49616197100016,28.03331361300019],[85.49614796400016,28.033769447000054],[85.49604149900017,28.034141800000043],[85.4957144870001,28.035285490000035],[85.495286335,28.035879849000082],[85.49517566800017,28.036033476000114],[85.49488182900012,28.036557965000043],[85.49431105900015,28.03757675900016],[85.49249882800007,28.039173210000172],[85.49184600500013,28.03960448500004],[85.489483179,28.041165442000135],[85.48848911400012,28.041822153000055],[85.48753678800017,28.04245276800009],[85.48618301400006,28.043108061000055],[85.4857765750001,28.043276685000137],[85.48461439600015,28.043758849000085],[85.48390947700017,28.044312350000098],[85.48282620900005,28.045966245000102],[85.48269360000018,28.046075921000124],[85.48223564000011,28.046980895000047],[85.48209308700018,28.047433601000023],[85.48207413800009,28.048042859000134],[85.48183108800004,28.048952273000054],[85.48182144300006,28.04926706800012],[85.48179375300009,28.05017078800006],[85.48172780900012,28.05093165600016],[85.48163225200011,28.05123494000003],[85.48085800100012,28.052345322000065],[85.48082239700017,28.052396383000087],[85.47948994600017,28.054605315000117],[85.47909949799998,28.055252597000162],[85.47833714000018,28.05626461800017],[85.47762201800015,28.05668129999998],[85.47588387100012,28.05769407300005],[85.47539592400017,28.05817977000015],[85.47393840300009,28.05940226000007],[85.47358738200012,28.05962485900011],[85.47309874900009,28.06010830700012],[85.47233201200015,28.061271441000088],[85.47113201900004,28.062502433000134],[85.47048979400012,28.063250362000133],[85.47010569200012,28.0636976830001],[85.46953181900017,28.06417969300003],[85.46860761500011,28.064843805000066],[85.468602455,28.064846696000075],[85.46795081900012,28.065211760000068],[85.4670662310001,28.065990425999985],[85.46676520100004,28.06622282900014],[85.46596398300005,28.06684139200007],[85.465563562,28.067075850000094],[85.46464951700017,28.067611050000153],[85.46425231100017,28.06794682600008],[85.46390329200017,28.06809043200002],[85.46344671300011,28.068506253000066],[85.46337197800005,28.06857431600008],[85.46223055000013,28.069308293000176],[85.46087126800012,28.069982828000093],[85.4608323440001,28.070002144000114],[85.46082439500003,28.070007128000157],[85.46030528200015,28.070332605000033],[85.45908505699998,28.070837351000023],[85.45885286900017,28.070908531000043],[85.45734708900011,28.071370149000074],[85.456827718,28.07147263000013],[85.45647869900017,28.071616173000166],[85.45595939000009,28.071718655000097],[85.45594045600012,28.071727904000113],[85.45478034700017,28.07226352300006],[85.45390201300017,28.072852580000074],[85.4535041310001,28.07301745],[85.45146081500013,28.073864134000075],[85.45024559300015,28.074179272000038],[85.44983064399997,28.07424211400013],[85.44938076900019,28.074310245000163],[85.44838039300015,28.074670446000027],[85.44809380900006,28.07480907500019],[85.44785602100012,28.074924100000032],[85.44757993900004,28.074998785000105],[85.44733533500005,28.075064955000073],[85.44646344400007,28.075426032000166],[85.44418946800005,28.076593638000134],[85.44290880400013,28.077628960000027],[85.44228011700011,28.07849274600011],[85.44165971799998,28.08045955900019],[85.44162626200006,28.081524526000123],[85.44168148400001,28.082516501000043],[85.44111985600011,28.082519542],[85.43901302300014,28.08253095200007],[85.43781550100016,28.082275080000045],[85.43725211300011,28.081972146],[85.43633415300019,28.08147856200003],[85.43570212300011,28.08104527800009],[85.43502103000014,28.080802037000126],[85.4345073500001,28.080712661000177],[85.43381562700017,28.08081239100005],[85.43367288200017,28.08080918700017],[85.43312746900006,28.080796943000053],[85.43274427200004,28.08067244700004],[85.43244856600012,28.08047477300005],[85.43165550200001,28.079695765000054],[85.43155680100011,28.07954032200007],[85.4314093540001,28.079308109000124],[85.431074593,28.078995756000154],[85.4305774230001,28.078373866],[85.428448935,28.07635520100007],[85.42786015300015,28.075796799000045],[85.42751403000005,28.075160356000026],[85.42651707400012,28.073327185000153],[85.42574427500006,28.07260561900017],[85.42559721500015,28.072468309000158],[85.42565059000003,28.072127090000095],[85.42644146700019,28.070199276999972],[85.4271369120001,28.068959134000124],[85.42730669800011,28.06865636800012],[85.42763548500005,28.067750580000165],[85.42765624900017,28.067062392000082],[85.42754796700007,28.066373265000152],[85.42752980000012,28.065572648000057],[85.42701884000007,28.063958346999982],[85.42681762600012,28.06349351000017],[85.42619947900005,28.06256383300007],[85.42544709500015,28.061820448000105],[85.4244770520001,28.06114930500013],[85.42388411800005,28.060890527000026],[85.42294494800018,28.060480637000012],[85.42243734300018,28.060259099000177],[85.42038337300005,28.059826977000114],[85.41969465400018,28.059809279000092],[85.41883208000002,28.05986563400006],[85.41831214600018,28.059967929000038],[85.41743024800007,28.06063122900008],[85.41615508200005,28.06126123400003],[85.41603116900018,28.061322454000162],[85.41545779699999,28.061765906000062],[85.41458728000003,28.062088423000034],[85.41427894500015,28.062136726000176],[85.41372058000007,28.06222145900017],[85.41268815600006,28.06212376200017],[85.41217554200011,28.06195989300005],[85.410182018,28.060850208000147],[85.40976026800013,28.060536479],[85.40949261399999,28.060105404000183],[85.4083212600001,28.05821885],[85.40798894000011,28.057791381000072],[85.40698246900007,28.056854261000183],[85.40647347900006,28.056577527],[85.40592562300003,28.056145493000145],[85.40555111700013,28.055781818000185],[85.4049624590001,28.055210186000124],[85.40471443700017,28.054860837000092],[85.40422139500004,28.054049340000176],[85.40395114200015,28.053014427999983],[85.40392248000012,28.052503405000095],[85.40386756200019,28.05152424700009],[85.40374864600011,28.051178026000116],[85.40364711800004,28.05026098100018],[85.40366512800011,28.04969009600012],[85.40376537500015,28.04923338900005],[85.40369983600016,28.048546074000114],[85.40349868600003,28.048083424000026],[85.40303747600007,28.046242956000185],[85.40288123500017,28.045836517],[85.40263755100011,28.04520260600009],[85.4025005950001,28.04405583100015],[85.40288713600006,28.04269164800013],[85.4032604190001,28.04182160700003],[85.40326616900006,28.041808200000048],[85.40390942900018,28.04030812900004],[85.40396286700013,28.03996697300005],[85.40384395200016,28.039620752000076],[85.40334296800012,28.03907547900019],[85.40266181400006,28.0387937430001],[85.402528196,28.03879102999997],[85.40214425900012,28.03878323600003],[85.40162738900017,28.03877266500018],[85.40095061500011,28.038339692000136],[85.40050087900005,28.03752769400006],[85.4004941340001,28.03752338900017],[85.39969724800011,28.037014852000084],[85.39901321700006,28.036809732],[85.39728682200013,28.036849887000074],[85.39693723900007,28.036995555000033],[85.39667189400006,28.03721934300006],[85.39639821300005,28.037362059000145],[85.3959704780001,28.037585110000066],[85.39518263800011,28.03795181300012],[85.39454547900004,28.03763345600015],[85.3937000410001,28.03708030400003],[85.39255477000012,28.036446778000027],[85.39175701599999,28.035742077000066],[85.39159335600016,28.0354730360001],[85.39140246200014,28.034667355000124],[85.3914190860001,28.034120844000086],[85.39144536300006,28.033257108000043],[85.39112542300006,28.032448238000086],[85.39091789300011,28.032177382000043],[85.39054676700016,28.03163523800015],[85.39025925400006,28.031171211000014],[85.38971959100007,28.03047288900018],[85.388240746,28.029488515000082],[85.38670930700005,28.028827633000105],[85.38619760000012,28.02860680900011],[85.38549146700018,28.028202347000047],[85.38403428800018,28.027367695000123],[85.382710138,28.026767219000135],[85.3821606790001,28.026518051000153],[85.38012284900009,28.025397116000022],[85.37877117600004,28.024406870000178],[85.37821947800006,28.0238764610001],[85.37726178300016,28.02295572300011],[85.37641378200004,28.022436379000112],[85.37556059100007,28.022111145000054],[85.37504534800019,28.022021456000175],[85.37434831100012,28.022233737000022],[85.37411796900011,28.022266018000153],[85.37365496300015,28.02233090400017],[85.37278432400012,28.022578742000064],[85.37261916000017,28.02253749300013],[85.37244193300012,28.022494180000024],[85.37159099200016,28.02208982700006],[85.37099732900015,28.021730349000165],[85.37079205300006,28.021380502000056],[85.37061811600012,28.020685658000104],[85.37056110300011,28.020457893000184],[85.37023122000011,28.019951370000115],[85.36960381700015,28.01928541899997],[85.36910252100006,28.018737772000065],[85.36762786800017,28.017552353000156],[85.36711844100006,28.017273182000054],[85.36609569300015,28.016942586000027],[85.36506704000004,28.016610081000124],[85.3635316330001,28.01599817200008],[85.36170746000005,28.014958295999975],[85.3605597500001,28.014394451000157],[85.35950228100012,28.013680810000153],[85.35929487800013,28.01340764300005],[85.35924324700017,28.013371406000147],[85.35878776500016,28.013051729000097],[85.357596811,28.012486071000183],[85.35485962900003,28.011653598000123],[85.35399987000005,28.011556030000065],[85.35369863200015,28.01154849300002],[85.35296513300011,28.011530139000115],[85.35244995500017,28.01144045100017],[85.35158594300009,28.011457997000036],[85.35085995200012,28.01131837200012],[85.35021325600007,28.01119399700019],[85.3490047900001,28.011203599999988],[85.34787027300013,28.011376059000156],[85.34640312900007,28.011599082000032],[85.34554199300004,28.011539822000145],[85.34451301000007,28.011322075000123],[85.34383229400004,28.010999404000188],[85.34251767300009,28.010240761000034],[85.34192413500017,28.009881096000186],[85.34092104100012,28.0088238620001],[85.34058771800017,28.008432390000053],[85.340432239,28.00817843300007],[85.33968299700018,28.006954631999974],[85.33901772700005,28.00613544400005],[85.33802364000013,28.004771361999985],[85.33799149800012,28.004729016000056],[85.33781629900011,28.004498195000053],[85.33761344500004,28.004097029000093],[85.33728732800012,28.003452093000192],[85.33712557100017,28.00318878600018],[85.33654757700015,28.00224793700005],[85.3363133950001,28.00133566000011],[85.33616172500018,28.000744816000065],[85.33592174600011,28.000229363000187],[85.33588883600004,28.00015867600007],[85.33586592000012,28.000066275000165],[85.33580735400005,27.999830142000064],[85.33571075300017,27.999312249000127],[85.33546949200019,27.998504755000113],[85.33522272300013,27.997965736000026],[85.33516820200015,27.997874536000097],[85.33459926600011,27.996922820000066],[85.33451759400009,27.996691339000165],[85.33439661900013,27.996306684000047],[85.33430202000005,27.995694050000168],[85.33396384300005,27.99438891000017],[85.3338829710001,27.994158725000034],[85.33363921800009,27.993464924000136],[85.3333581600001,27.992939659000058],[85.33334983200012,27.992924093000056],[85.33318248300003,27.992693361000136],[85.33272105800017,27.992111344000023],[85.33234324200015,27.99166606400013],[85.332240636,27.991434708000156],[85.33210291800015,27.99082019900004],[85.33208973600011,27.99078789800012],[85.33189845600015,27.990319177000174],[85.33154232500004,27.989873711000087],[85.33114132399999,27.989505362000045],[85.33095872600018,27.989380807000146],[85.33041930700006,27.98901608100016],[85.33020758900011,27.988839906000067],[85.32988707000015,27.988718911000092],[85.32950493900006,27.988483551000172],[85.32923021100004,27.988392016000148],[85.32847851900004,27.98814156399999],[85.32822230600004,27.988022195000156],[85.32770843999998,27.987878261000162],[85.32732368200016,27.98773764300006],[85.3271125660001,27.987633892000133],[85.32700410200016,27.987580588000128],[85.32668327400012,27.98747984200014],[85.32552549400003,27.98724965600013],[85.3249477,27.987067974000183],[85.32462524400017,27.987041846000125],[85.32429934600003,27.98715095400013],[85.32364417400015,27.987599404000093],[85.32335751700015,27.98790218400012],[85.32318670600017,27.98804823500018],[85.32296262500017,27.988239834000126],[85.32206754300017,27.988816892000102],[85.32180620100007,27.988945751000188],[85.321221713,27.989109289000055],[85.32089906900012,27.989064975000133],[85.32038163600004,27.989094776000172],[85.31966678900017,27.98929337100003],[85.31888970400007,27.989336916000127],[85.31843989000015,27.989232979000178],[85.31790102400015,27.9892245960001],[85.31764281000011,27.989200032000042],[85.31738559500008,27.98915740600006],[85.31721355600013,27.98911615700007],[85.31676299300005,27.9890505300001],[85.31623066400016,27.988940331000094],[85.31605471400013,27.98890390600019],[85.31534993900004,27.98862416800017],[85.31496474300013,27.988503798000124],[85.31464247400004,27.988439173000017],[85.31387252000007,27.988178120000043],[85.31355012600005,27.98815411700008],[85.31309924900012,27.98806818000014],[85.31245383600009,27.988020173000166],[85.31219480800019,27.98803397900008],[85.31013115000013,27.987807777],[85.30980994300012,27.98772509100013],[85.30935869300009,27.987659464000103],[85.30922946000015,27.98763808900003],[85.30918305800003,27.987632989000133],[85.30860604300017,27.98756958400014],[85.3077066680001,27.987325528000156],[85.30757699800017,27.98732221299997],[85.30595047499997,27.986834667000153],[85.30531031600003,27.98653618300017],[85.30454073600015,27.98625700700012],[85.303413277,27.985586422000154],[85.30326552900004,27.98548229000005],[85.30296796800002,27.98527256800014],[85.30243867100006,27.984842223000157],[85.30211871800014,27.984703105000165],[85.30166915600006,27.984560735000116],[85.30159738800018,27.98454887000014],[85.30141131600004,27.984518109000135],[85.30100618600011,27.984321120000118],[85.30060368500011,27.984027139000034],[85.30055978700017,27.983978766000178],[85.30049813700003,27.983910835000188],[85.29990341100006,27.98353529600007],[85.29964726200006,27.983418115000063],[85.29922257400011,27.983122072000185],[85.29909434200016,27.983082697000043],[85.29877526300015,27.982905271000106],[85.29839006800017,27.98278252500006],[85.29800105500004,27.982815578000043],[85.29696844400013,27.982739567000067],[85.2967426560001,27.982780092000155],[85.29638458100004,27.982844360000115],[85.29573428900005,27.983024146000105],[85.2952818490001,27.983014889000117],[85.29416870100005,27.982638295000015],[85.2939129780001,27.982551781000154],[85.29352740700006,27.98244940800015],[85.29294661000006,27.982382654000105],[85.29201835700007,27.98247938100002],[85.29137982200012,27.982656338000027],[85.29130219600006,27.98267784900014],[85.29086693900007,27.982880449000163],[85.29052016800006,27.9829897460001],[85.290192585,27.98317553700008],[85.29004091600018,27.98319047000018],[85.28980657500006,27.983091162000107],[85.28944794100005,27.98274037400006],[85.28929821500009,27.982595135],[85.28904819200011,27.98235159],[85.2885218940001,27.98190305900016],[85.28814414300018,27.981496088000142],[85.28804607200016,27.98135720800019],[85.28770734000017,27.98087751200012],[85.28729459600015,27.980143758000168],[85.28650047300005,27.979174393000164],[85.28616308600016,27.97890241200008],[85.28563441400007,27.97856887000006],[85.28500094700019,27.978080778000162],[85.28447077800007,27.977590714000087],[85.28443315900006,27.97755594000006],[85.28439354500017,27.977503015000025],[85.28428730700011,27.977361080000094],[85.28424712700013,27.97724640300015],[85.28382856700017,27.97676075200019],[85.28362422900011,27.976300227000024],[85.28356167800018,27.9762218570001],[85.28312043400007,27.975813137000046],[85.28278267100012,27.975559154000052],[85.28270866100002,27.975477951000187],[85.28255226900006,27.975306360000104],[85.28251144100005,27.975223659000108],[85.28242922900017,27.975057130000096],[85.28230844100017,27.974672537000174],[85.2819791230001,27.974055212000167],[85.28145658099999,27.97343513400017],[85.28139321400016,27.97339519900015],[85.28115466100007,27.973186158000033],[85.28099340100005,27.973044849000132],[85.28067657300011,27.972792804000164],[85.2805101620001,27.97257775700001],[85.280370441,27.972098610000103],[85.28037863500015,27.971717269000067],[85.28029996500004,27.971408921000148],[85.28025847300017,27.97133261400012],[85.280077446,27.970792910000057],[85.27977950800005,27.96971737500013],[85.27978445200011,27.96948958400003],[85.27980188500004,27.96945059000018],[85.27998805900017,27.969034191000105],[85.28001293500012,27.968880580000075],[85.27999462700018,27.968727344000058],[85.27983028000017,27.968419806000156],[85.27964162300009,27.968205008000155],[85.27934554200004,27.967989024000076],[85.279083378,27.967844393000064],[85.27887892100006,27.96773160100014],[85.27862464800006,27.96755573700017],[85.278413618,27.96737950000005],[85.27809760200017,27.96708689500008],[85.27792981600015,27.96691028300006],[85.27776522000005,27.966582435000134],[85.27757818900011,27.966290896000032],[85.27750793100012,27.96618962500014],[85.27716144500005,27.965690192000068],[85.27697278599999,27.96547539500017],[85.27669770200015,27.96526141100003],[85.27618621300019,27.965078917000028],[85.27605785400016,27.965075540000043],[85.2756685280001,27.96518521200005],[85.27534381900011,27.96533256800018],[85.27475920500007,27.96553204000014],[85.27463003300005,27.965569223000102],[85.27428738800006,27.965721191000057],[85.27426101400016,27.96573288900015],[85.27393524200005,27.96590055500019],[85.27282331000004,27.966684653000016],[85.2724975380001,27.96685225800013],[85.27230318900007,27.966905937000035],[85.27204234400011,27.96703473400015],[85.27133024700004,27.967194707000147],[85.27107046700007,27.967305381000074],[85.2709390440001,27.967417180000155],[85.27076625500013,27.967472922000184],[85.27044536000011,27.967408173000024],[85.26972240000015,27.96706969100012],[85.26951468600004,27.96694065600019],[85.26946837700018,27.966911887000037],[85.2692116610001,27.96685107600007],[85.2688895170001,27.966845009000167],[85.2686285480001,27.967012114000056],[85.26740460700012,27.967661083000166],[85.26736851300018,27.96768022000009],[85.26732638400017,27.96769184800013],[85.26697975000008,27.9677875160001],[85.26652449400007,27.967969930000095],[85.26587613800007,27.9681495910001],[85.265353888,27.968465740000056],[85.26460383400013,27.969140516000095],[85.2644342420001,27.96929308700004],[85.26351916300018,27.96990826600006],[85.26310534500004,27.97009109300018],[85.26297685400016,27.970147861000044],[85.26258809100005,27.97025521900008],[85.2620712210001,27.970323142000098],[85.26181075400012,27.970433815000092],[85.26163427000012,27.97066098000016],[85.26156815600012,27.97105427700012],[85.26156058400005,27.971099314000185],[85.26142421900005,27.971441219000155],[85.26122736700012,27.97160995000013],[85.26094483900016,27.97173887100007],[85.2606217550001,27.971809483000072],[85.26026103200019,27.97180391400002],[85.25997752700005,27.971799537000095],[85.25984729400005,27.97185496700007],[85.25965000400004,27.972041759000092],[85.25949777200009,27.972115312000028],[85.259240493,27.97211087000005],[85.25911232400017,27.97207149700006],[85.25885873900006,27.971893258000136],[85.25860239900015,27.971812199000112],[85.25847447800015,27.97179082400004],[85.258279878,27.971826442000122],[85.25817620900006,27.971651393000116],[85.25786213300017,27.971300107],[85.25760585600005,27.971219047000034],[85.25726171400015,27.971233416000075],[85.25713172900015,27.97130678100001],[85.25680339100018,27.971587250000027],[85.25661242500018,27.971864132000064],[85.25651529600003,27.972004958000127],[85.25628943900011,27.972516846000076],[85.25610363800007,27.973145662000036],[85.25596789900015,27.973489815000164],[85.25591846300011,27.97377453900009],[85.2557820340001,27.97411863100018],[85.25551725100013,27.974457222000183],[85.25536464300012,27.97455108500003],[85.25521466300017,27.974547958000073],[85.25508649400012,27.974506209000083],[85.25489583300009,27.974388341000065],[85.25470730100011,27.97417585700009],[85.2545227710001,27.97376920400012],[85.2544187260001,27.973614465000026],[85.2541331540001,27.972920023000086],[85.25393488700013,27.972150339],[85.25362393700016,27.9716275670001],[85.25343243900011,27.971467585000028],[85.2534129070001,27.971451267000077],[85.25315656900005,27.971370145000094],[85.25309201400012,27.971386518000145],[85.2523210540001,27.97129651200015],[85.25202979900007,27.97132332600006],[85.25180455999998,27.97134406100008],[85.25148166600013,27.971376365000083],[85.25109284000007,27.971485911000116],[85.25083406000016,27.971519841000088],[85.24999123000009,27.971753119000027],[85.24953703500006,27.971917409000127],[85.24934074800007,27.97202745800007],[85.24895242200012,27.97211669300009],[85.24849616500006,27.9723780380001],[85.24791104900015,27.97259538200018],[85.24763671200014,27.972600190000037],[85.24743348900012,27.972604247999982],[85.24694642700013,27.97267404700017],[85.24595668100011,27.97278002000013],[85.24471046800011,27.972847681000133],[85.24445256700017,27.972845550000045],[85.244151042,27.97291816400002],[85.24382789500004,27.97299327600001],[85.24326784100003,27.973122443000136],[85.24294450700012,27.97323361500014],[85.24257780400006,27.973383595000087],[85.24193219900019,27.973531509000054],[85.24128634400012,27.973659173000158],[85.24070610899997,27.973635103000106],[85.24044814100017,27.973689219000164],[85.23926385500005,27.973948113000063],[85.23881116300004,27.974078531000032],[85.23777842100003,27.974261496000167],[85.23700421100011,27.97432941500017],[85.23622981000011,27.974437891000093],[85.23571625700015,27.97424396300005],[85.23513833900012,27.974028097000144],[85.23495482400011,27.973906581],[85.23481894800005,27.973816611000018],[85.23437207800004,27.973412326000073],[85.23398832300018,27.973122534000083],[85.233603314,27.973004163000155],[85.23289390900004,27.97301727500013],[85.23265712600005,27.973091576000172],[85.23233485700013,27.973071948000154],[85.23194671900018,27.97318368100008],[85.23162319500005,27.9733332240001],[85.23129904700005,27.973485017000144],[85.23084485200002,27.97376654700014],[85.23052070400007,27.973918340000182],[85.23041607300019,27.97394846000003],[85.23013256600007,27.974030073000108],[85.22948608400009,27.974216295000076],[85.22890422100016,27.974383957999976],[85.22871068300014,27.97440145400003],[85.22819418800009,27.97445569000007],[85.22778530500011,27.97452930100019],[85.22694610100012,27.974638276000064],[85.22643041900011,27.974595521000026],[85.22591586400006,27.974536956000065],[85.22507891600009,27.97439776700014],[85.2244991180001,27.97435557200015],[85.22396312800015,27.974256572000115],[85.22389876400013,27.974236823000183],[85.22332040700019,27.97404345500013],[85.22324863500012,27.974014595000085],[85.22312830900006,27.97396621000007],[85.2228064150001,27.973926208000137],[85.22229054700006,27.973921761000042],[85.22218126200016,27.973953220000055],[85.22196708700011,27.9740148730001],[85.22157907300016,27.97414691600011],[85.22138447300006,27.97423884200009],[85.22118949400016,27.97440976100006],[85.22088521600006,27.974694418000126],[85.22071054500003,27.974978015000033],[85.22021229100005,27.97535684600018],[85.21984533600016,27.975488767000172],[85.21958724600012,27.975524883000162],[85.21900694800007,27.975500687000135],[85.21810738500017,27.975267256000052],[85.21740273800003,27.974804286000108],[85.2168716320001,27.974287886000013],[85.21657280200009,27.974094273000105],[85.21631608800016,27.973979217000192],[85.21586565100012,27.973861407000186],[85.215288106,27.973629605000042],[85.21468800200012,27.973472482999966],[85.21400328800013,27.973201121000102],[85.21353828100013,27.9729595660001],[85.21329864000006,27.972835080000095],[85.21284794899998,27.972755579000193],[85.21271903000007,27.972754452000174],[85.21258960800003,27.97277363600017],[85.21233170500011,27.972771382000133],[85.21213816900007,27.97278887599998],[85.21181477100015,27.972900048000156],[85.2115573700001,27.97314139500014],[85.21151118000017,27.973184705000165],[85.21120558700017,27.973582164000106],[85.21081638400005,27.97382919800009],[85.21047092800006,27.97395861700005],[85.21014890800006,27.973956925000095],[85.20995599700018,27.97391798700005],[85.20976222100012,27.97394506500018],[85.20943906300005,27.97399022200011],[85.20911554200018,27.974141953000128],[85.20867599200005,27.97441059900018],[85.20853129600016,27.97449903600011],[85.20820771300009,27.974592084000165],[85.20813823400016,27.974587304000124],[85.20730627100016,27.974530075000075],[85.20678934000011,27.974602247],[85.206336583,27.974732603000177],[85.20601275000013,27.97486402300018],[85.20597600300005,27.974873334000165],[85.205497127,27.97499269000008],[85.20446582200003,27.97513928500007],[85.20420810700011,27.975155028000188],[85.20375785400006,27.975170269000103],[85.20305013600017,27.97516519400017],[85.20247115100011,27.97514087400009],[85.20238541200001,27.975141685000096],[85.20202033400005,27.975158365000027],[85.20137654600006,27.975191101000064],[85.20079668200003,27.975261585000055],[85.19957290400004,27.975405364000153],[85.19918745600012,27.975363611000148],[85.19822308500017,27.975299788000086],[85.1979013780001,27.97527778400007],[85.19779401900018,27.97527646900005],[85.19740882200006,27.975198595000165],[85.19689420300017,27.975194087000148],[85.19644276100013,27.975267948000123],[85.19586164499998,27.97545342000018],[85.19528009400011,27.975715700000023],[85.19495713300012,27.975808686000107],[85.19450625400003,27.97588029700006],[85.19418460900016,27.97586060600014],[85.19373517200017,27.975778730000116],[85.19309206800011,27.975755034000088],[85.19193103200013,27.975956809000024],[85.19122381500011,27.975931299000024],[85.19038667200005,27.976001715000166],[85.18929006400009,27.976221053000188],[85.18839006000007,27.97617691500011],[85.18813340800017,27.976118228000132],[85.18781370300007,27.975981111000067],[85.1873672690001,27.97565338300012],[85.187048817,27.975401213000055],[85.18649765300006,27.974844252000082],[85.18605215700018,27.974478091000037],[85.18541562900009,27.973899320000044],[85.185012502,27.97357115400007],[85.18486427500011,27.97338066900005],[85.1841202600001,27.972897574000115],[85.18379767600004,27.972970249000184],[85.18360413900012,27.97304411500005],[85.18340928700013,27.973176662000128],[85.1832359920001,27.97336539200012],[85.18299582900005,27.973708107000107],[85.1826659190001,27.974448597000105],[85.18248793000004,27.975018606000106],[85.18232899800006,27.975762161999967],[85.182104509,27.976619080000035],[85.18201488900007,27.976960486],[85.18201454800015,27.976962467000078],[85.18194620200018,27.977360387000147],[85.18170272200007,27.977987388000088],[85.18152016100015,27.978958985000077],[85.18138535700001,27.979472187000113],[85.18105807600006,27.979984886000125],[85.18070621600003,27.980324695000093],[85.18064568400018,27.980383156000073],[85.1805153840001,27.98055351300019],[85.18022934600003,27.981180826000127],[85.18016066100012,27.981580727000107],[85.1801787760001,27.981846766],[85.18021857700012,27.982114868000167],[85.18023293300007,27.98218954300006],[85.18033980000013,27.98274550100001],[85.18037784700016,27.983146715000032],[85.18054093500012,27.98383334400006],[85.18055930200018,27.984119693000025],[85.18055153600005,27.984864189000177],[85.18027866900013,27.98623362400008],[85.18027688700016,27.98638924400018],[85.18027409799998,27.986632963000147],[85.18013991600009,27.987148414000103],[85.18013534500017,27.98754775300017],[85.18021601400017,27.988005027000156],[85.18040591900018,27.988292128000012],[85.18078227100006,27.988575206000178],[85.18102276400015,27.988756097000135],[85.18119392699998,27.988833594000084],[85.18187777100007,27.989028463000125],[85.18204887000013,27.989105959000142],[85.18230427000015,27.989279635000116],[85.1825799770001,27.989568364000093],[85.18268433300005,27.989815594000163],[85.18270420300007,27.98995077000012],[85.18270357600011,27.990007202000186],[85.18274419100004,27.990236932000187],[85.1827625570001,27.99052328100015],[85.18267030900012,27.991092541],[85.182603562,27.991320958000188],[85.18251519200015,27.991549622000093],[85.18231815000019,27.991891901000088],[85.18211979000012,27.992403477000153],[85.18209560200006,27.99263376900018],[85.18213627700015,27.992861248000054],[85.18215652300006,27.99291974400012],[85.1823030590001,27.993243342000085],[85.18283416499997,27.993762118000177],[85.18381145600011,27.994590684000173],[85.18436443600007,27.99501453100015],[85.18459777400017,27.99526288700008],[85.18523505100006,27.995839472000114],[85.18591444700013,27.996494549000033],[85.1860609200001,27.996818148000102],[85.186055786,27.997276108000165],[85.18598903999998,27.997504585000115],[85.18581361900016,27.99784667700004],[85.185183123,27.998585287000026],[85.18492190000018,27.998925939000117],[85.1840288790001,27.999599113000045],[85.18368729600013,27.99979609000013],[85.1835106900001,27.999975822000067],[85.18345114500005,28.000119027000096],[85.1834363210001,28.000154678000115],[85.18346226500012,28.000167121000175],[85.18458678200017,28.000706462000096],[85.18445010300013,28.001163355000187],[85.18392059299998,28.001957463000167],[85.18382709600019,28.00241398300011],[85.18386645900017,28.00264371300011],[85.18415978600018,28.003144235000093],[85.18449904500011,28.003493272000128],[85.18451297500019,28.00377512199998],[85.18453159,28.00414265100011],[85.18386458700019,28.005434275000027],[85.18376915000016,28.006005847000097],[85.18370600700018,28.00726517100003],[85.1836728990001,28.0093069400001],[85.18366883600004,28.009557526000037],[85.18370857300005,28.009854824000172],[85.18374562700012,28.010132038000165],[85.18374189700012,28.010365580000155],[85.18373467400016,28.010817914000086],[85.18381540600012,28.011164635000057],[85.18382339500016,28.011216802000035],[85.18390395100005,28.011742790000028],[85.18393237400016,28.01192838100019],[85.18394199400007,28.01195847600013],[85.18415670400009,28.012630259],[85.1843008620001,28.01308022100011],[85.18454969200008,28.013696170000173],[85.18484001200017,28.0143862380001],[85.18563562700018,28.015773565000018],[85.18593176700017,28.01612060000008],[85.18677143800005,28.017471432000093],[85.18696471900017,28.017826153000044],[85.18714762300004,28.018163001],[85.187312841,28.018624024000076],[85.18708636400004,28.01901173599998],[85.18704711800012,28.019079729000055],[85.18669959800019,28.01926545700013],[85.18639663600015,28.0193380070001],[85.18518785500004,28.01951084600006],[85.18482943600014,28.019472158999974],[85.18480103200011,28.01946909300011],[85.18453869600006,28.019541312000115],[85.18441195700018,28.0195762030001],[85.18435438000012,28.019585152],[85.18350538600004,28.019717111000034],[85.1831636170001,28.019789974000105],[85.18255725800009,28.01989670400002],[85.182169934,28.019929381000168],[85.18193115200017,28.02000587100008],[85.18147895900012,28.020149663000097],[85.18047378500012,28.02050816000019],[85.18044202600004,28.020519487000115],[85.17863069700019,28.020916294000187],[85.17759820700019,28.02094096200011],[85.17748228500005,28.020917087000157],[85.17682681200006,28.02077833900006],[85.17664844600006,28.020709297000053],[85.17580058300013,28.02038110700005],[85.17515522900004,28.020411406000164],[85.1745077490001,28.02059519000011],[85.17420763600006,28.020723622000048],[85.17346962900018,28.02103944600009],[85.17316597700011,28.021226987000034],[85.17279209000003,28.021205357000042],[85.17226366000017,28.021176038000192],[85.17149791200006,28.021166745000073],[85.17084559900013,28.02115882700008],[85.17045827400017,28.02119144200003],[85.16993996700018,28.021337983000024],[85.1693326620001,28.021710753000093],[85.16853655700004,28.022400173000165],[85.16828809400005,28.022615340000073],[85.16809811600012,28.022792883000136],[85.16772115900011,28.023143533000166],[85.16758998600017,28.02329576700015],[85.16698343300015,28.023630289000153],[85.16672215000011,28.02385807700017],[85.16641156399999,28.02399156000007],[85.16594343300011,28.024191784000152],[85.16542575000017,28.02433607400019],[85.16503842700018,28.024370939000107],[85.16444696700006,28.024363081],[85.16431314700003,28.024361303000035],[85.16400612600012,28.02435711100003],[85.16336289999998,28.02423398600007],[85.16220330600015,28.024142286000142],[85.16207319700015,28.024217840000176],[85.16155689000016,28.024249265000037],[85.16103851900016,28.024393495000027],[85.1607783,28.024544601000116],[85.16026529900012,28.024891812000135],[85.16008432100006,28.024956552000162],[85.15943233400003,28.025444747000165],[85.15804637900004,28.026115163000043],[85.15786847900006,28.026184715000113],[85.15700838300012,28.026520984000115],[85.15649007300004,28.026667462000148],[85.15597370500012,28.026698888000112],[85.15541390300018,28.026768997000147],[85.1548108560001,28.026837231000115],[85.15455017900013,28.026833710000062],[85.15326299900005,28.026816331000134],[85.15287480000012,28.026887380000062],[85.15235955500003,28.026844251000114],[85.15093686500012,28.02705470700016],[85.14996757700004,28.027290838000056],[85.1499010600001,28.027307042000132],[85.14951348500011,28.027380216000154],[85.14903967300017,28.02741126700016],[85.14826414900011,28.02751699400011],[85.1474898140001,28.027505420000068],[85.14671654100016,28.027457723999987],[85.14641069300006,28.027408007000076],[85.14517200400019,28.02720665700008],[85.14465650900007,28.027201962000163],[85.1436197650001,28.027492543000108],[85.14271385100011,28.027983763000123],[85.14244940800012,28.02812715300007],[85.14180073700004,28.028387494000185],[85.1415880180001,28.028438440000173],[85.14149833900007,28.028459919000056],[85.141065266,28.028682330000095],[85.14015625200011,28.029091463999976],[85.13963487700005,28.029429675000188],[85.13845982400011,28.030407192000155],[85.13775946400006,28.031202547000134],[85.13771452300017,28.031263501000012],[85.13714534000002,28.03203552300016],[85.136009526,28.03324283300003],[85.13565725000018,28.03377359200016],[85.13513092900007,28.034493081000107],[85.13490875900015,28.034950599000126],[85.13438131300006,28.035746767999967],[85.1338053020001,28.036886280000147],[85.13360155500004,28.03710627800001],[85.13345584100006,28.03726361700018],[85.13306006900018,28.03783087100004],[85.13292751700004,28.038098158000025],[85.13287570000011,28.038671604000058],[85.13303735000017,28.03936054600001],[85.13324424800004,28.03993862200008],[85.13359106900003,28.04054193899998],[85.1340406110001,28.04132394900006],[85.13425432300005,28.04181847000018],[85.13429013000007,28.041901651000046],[85.13458176500012,28.04255572200009],[85.13504287200016,28.043364033000103],[85.13571551100011,28.044405201000075],[85.13596371200015,28.045097955000188],[85.13688261100009,28.046944680000138],[85.13723619300004,28.047706903000062],[85.13725791900004,28.04775373900003],[85.137757018,28.048906830000135],[85.13872598100016,28.049869355999988],[85.13873224100018,28.04987557400017],[85.13874877100011,28.049898302000088],[85.1389850110001,28.050223109000058],[85.13902837600006,28.05025343500006],[85.13970871900011,28.050729201000024],[85.14042910600011,28.051465458999985],[85.14115368600005,28.05193542899997],[85.14166160700006,28.05247707700005],[85.1419596240001,28.052709248000156],[85.14250866200007,28.05340625800011],[85.14309587600019,28.05440749000013],[85.14334745700012,28.05487014100015],[85.14423080800009,28.056220785000164],[85.14469592200004,28.056798929000024],[85.14498893500001,28.057337947000065],[85.14523989200012,28.057800535000126],[85.14570419100005,28.05841929899998],[85.14642357800017,28.059232177000126],[85.14684829300006,28.05986773],[85.14688681500002,28.05992537200018],[85.14697879700003,28.06002626500009],[85.14752165100015,28.060621696000055],[85.14798267300012,28.061239348000186],[85.14807050000019,28.06135701400018],[85.14818369000011,28.06147973999998],[85.14874777000011,28.062091335000048],[85.14921688400017,28.062699226000177],[85.1492545000001,28.06274797100002],[85.14929157000012,28.06278693600018],[85.15010193000006,28.06363871900004],[85.15141829300018,28.064803074000167],[85.15209631100015,28.065539520000186],[85.1534042240001,28.067276823000157],[85.15357131900015,28.067622857000174],[85.15403857900009,28.068264460000023],[85.15458371900007,28.069013000000155],[85.15526223800015,28.06967276500012],[85.15573073100012,28.070022992000077],[85.15607197399999,28.070158152000033],[85.15662854000004,28.070378600000026],[85.15714159300012,28.07061564900016],[85.15752585100012,28.070810952000045],[85.15790679100019,28.071236357000032],[85.15811518900006,28.071697132000054],[85.1581468760001,28.07176198900015],[85.15849162300009,28.07246763100011],[85.15913296800016,28.072744180000143],[85.1597049130001,28.072909749000075],[85.16037479600004,28.073103669000147],[85.16088703400015,28.073379090000117],[85.16122779699998,28.073613075000026],[85.161863509,28.074309275000076],[85.16200411200003,28.074511191000056],[85.1621586490001,28.074733117000164],[85.16326254200004,28.07574117000013],[85.16431183000003,28.07622408100002],[85.16514252399998,28.076607248000016],[85.16570670400012,28.07678818500017],[85.16651308200005,28.077046794000182],[85.16693870600011,28.077359025000135],[85.16735994900006,28.077975788000117],[85.16744281500019,28.078076826000142],[85.16888126900017,28.079830711000056],[85.169432454,28.08035222400008],[85.17011233000017,28.080995502000064],[85.1703231090001,28.08126441899998],[85.17061292900007,28.082071789000167],[85.17038957000017,28.082642171000145],[85.17012684800011,28.08298282400017],[85.16977757500007,28.083321912000144],[85.16948742100004,28.083480018000103],[85.16895323500006,28.083771108000178],[85.1683769920001,28.08393321000011],[85.16817595900005,28.08398976300009],[85.16778563200018,28.084175801000185],[85.16674932700016,28.08442826100014],[85.16597098600016,28.084723658000144],[85.16518952000013,28.085136295999973],[85.16453985000004,28.085396823000167],[85.16431194000018,28.08549343500016],[85.16367327000012,28.085767276000126],[85.16257541800002,28.086159637000037],[85.16211496500006,28.086324198000057],[85.16206641400004,28.08632375000019],[85.16185674899998,28.08632181900009],[85.16133793800014,28.086506731000156],[85.16055985200006,28.08664864300016],[85.15939613000006,28.086710368000183],[85.1587468990001,28.0868940900001],[85.15757523100012,28.087454395],[85.156796703,28.08767529800008],[85.1563888120001,28.087937662000115],[85.15627439200006,28.088011259000098],[85.15549473900012,28.088308844000096],[85.15445956200017,28.088371695999967],[85.15363506200015,28.08823978700019],[85.1534282020001,28.08820669300013],[85.15227124000012,28.087769712000124],[85.15110357800012,28.088061541000172],[85.15094492800017,28.08804391800004],[85.1503293070001,28.08797553500017],[85.15020968300018,28.087938250000036],[85.14930026300004,28.087654797000084],[85.14839694900013,28.08756760100016],[85.14633454200009,28.087196849000065],[85.14530481200012,28.08687836000007],[85.14401548700016,28.086670294999976],[85.14311549000018,28.086352933],[85.1414824960001,28.086101868000128],[85.14066576000016,28.08597629900015],[85.13899274400012,28.085496126000123],[85.13860805000007,28.08526020400012],[85.13822204100006,28.085141583000166],[85.13748044700014,28.084799631000124],[85.13693891200018,28.08454992700007],[85.13642630000004,28.084236133000047],[85.13565428200013,28.08399658000019],[85.13505029800007,28.084067000000175]]]}},{"type":"Feature","properties":{"name":"Rasuwa","pcode":"NP0329","province":"Bagmati","area_sqkm":1500.81681924,"valid_on":"2024-03-14","label_lon":85.41583,"label_lat":28.18317},"geometry":{"type":"Polygon","coordinates":[[[85.71189115400006,28.385799273000032],[85.71173335800012,28.386063933000116],[85.71136365300003,28.386209289000078],[85.71038628700018,28.38606241000008],[85.70953723200017,28.385821942000064],[85.70832632300005,28.385478988000102],[85.70732633500012,28.38532967100008],[85.70601294300013,28.385495382000045],[85.70525440000017,28.385420143000147],[85.70359814400007,28.38525586100002],[85.70330991300011,28.385163447000025],[85.70246717900005,28.38489324800014],[85.70081221800018,28.384548126000027],[85.699821971,28.384674034000113],[85.697671872,28.38530077300004],[85.69731178800009,28.385405735000177],[85.6966079440001,28.38538997400019],[85.69520312500015,28.385656238000024],[85.69398723100005,28.38533780700004],[85.69370116100004,28.385179600000015],[85.69249713600016,28.384513729000105],[85.69147584100011,28.384237736000102],[85.68930163400006,28.384063463000132],[85.687976322,28.383536362000143],[85.68590015500007,28.383054465000157],[85.68422490200015,28.38266562300015],[85.68380190300002,28.38240213900019],[85.68366436200012,28.38220677900017],[85.68388480400006,28.380774287000122],[85.68388290500019,28.380640251000045],[85.6838405040001,28.377647443000058],[85.68437890500019,28.370271134000177],[85.6844843080001,28.368827059000182],[85.68454321200016,28.368260338000084],[85.68480589800004,28.365733031000104],[85.684834277,28.364698287000124],[85.68487826100011,28.363094583000134],[85.68517351800011,28.360215178000033],[85.68523041800017,28.35966027300003],[85.68528307600013,28.35869689900005],[85.68580283000011,28.349187975000063],[85.68588765600003,28.349028726000085],[85.68602399800011,28.34877276600008],[85.68607565900004,28.346880687000123],[85.6857304030001,28.346394662000137],[85.68522890800006,28.346383092000053],[85.68364891100015,28.347245298000132],[85.68274332100003,28.34820297300007],[85.68140834200017,28.34961473300018],[85.67905308900004,28.34995373700019],[85.67757583900004,28.35016636600011],[85.67711287399999,28.35030940900009],[85.67608240300012,28.350627798000062],[85.67444820100008,28.35033354400008],[85.66956679300012,28.34945459900007],[85.66811406400006,28.348889999000107],[85.66753504800016,28.348784342000158],[85.66636417600006,28.348570684000038],[85.66606715800003,28.348412068000073],[85.66563103900006,28.347961226000052],[85.66546257400006,28.34738433700005],[85.66572767999997,28.346680906000188],[85.66582848000019,28.346508321000044],[85.66620188400015,28.345868987000074],[85.66620826600013,28.34564119500004],[85.66566048400011,28.343234314000085],[85.66565051900011,28.34319053100012],[85.665632485,28.34107374700011],[85.66561019500011,28.33845764200015],[85.66535493200007,28.337906305000047],[85.66428306000017,28.335591190000116],[85.66427894200001,28.332460732000072],[85.66427790100005,28.331670729000166],[85.6639553980001,28.33093441400007],[85.66361421300019,28.330546640000136],[85.66324875900017,28.330131286000096],[85.66244358200004,28.328927818000125],[85.66213084800012,28.327933802000132],[85.66185270400018,28.327049725999984],[85.6612229320001,28.32616841900017],[85.65981311100012,28.32596065600012],[85.65981231100005,28.325960538000118],[85.6587538340001,28.325623112000073],[85.65796725900015,28.325252194000143],[85.65717644500006,28.32446843800011],[85.65642260400011,28.323211012000172],[85.65466428400015,28.32027809100009],[85.65460125900017,28.320172965999973],[85.65454306800007,28.320004683000036],[85.65405231200015,28.31858551099998],[85.65364245100005,28.31740026100016],[85.65356292100006,28.316395662000104],[85.65376546900012,28.315899210000055],[85.65411699200013,28.315562060000047],[85.6541492670001,28.315504381000153],[85.65570428800004,28.312725451000063],[85.65588951600006,28.312394438000126],[85.65869384300004,28.30905422600017],[85.65919158100019,28.30872013300018],[85.65960792400006,28.308440672000017],[85.66012730900013,28.307699122000145],[85.66039223900003,28.3071190120001],[85.6607160100001,28.30641006100018],[85.66077076700009,28.30634462100005],[85.66121020800011,28.305819436000036],[85.66152037800003,28.304760099000077],[85.66060648000013,28.3028968750001],[85.65995083100012,28.302285919000155],[85.65927112200012,28.301828223000143],[85.65814566000006,28.30107037100015],[85.65555148900012,28.29901694700004],[85.65394723300005,28.297668040000076],[85.65385870699998,28.29756218600005],[85.65360484900015,28.29725863300007],[85.65284966400009,28.296688917000154],[85.65228386100011,28.296262074000083],[85.65209799100018,28.29603116200019],[85.650327301,28.293831382000064],[85.64885065000016,28.292531035000025],[85.64665457500007,28.29116361400014],[85.646052875,28.290788955000153],[85.64499372600005,28.289727282000115],[85.64460117099998,28.288931659000127],[85.64450897699999,28.288428102000125],[85.64444477500001,28.288077420000036],[85.642984797,28.28513493200012],[85.64247643800013,28.284110367000153],[85.64238960500018,28.283820383000148],[85.64200897200004,28.28254924900017],[85.64106819500006,28.281035368],[85.64042702000006,28.280382517000078],[85.63968553500007,28.279627532000063],[85.6391631240001,28.27872910400015],[85.63799343500006,28.277388766000115],[85.63716009100017,28.275940807000097],[85.63670859500013,28.275156319000075],[85.63531512000003,28.27385891100016],[85.6346633980001,28.273717100000056],[85.63457794400017,28.273667541000123],[85.63269631100013,28.2725762930001],[85.63037309200007,28.271041701000115],[85.62894255800018,28.26983859600017],[85.62767076000011,28.268400203000056],[85.62746394900012,28.268067203000044],[85.62684327500011,28.26706780900014],[85.62549297800001,28.266021128000148],[85.62440897300013,28.265419281000163],[85.62063493400007,28.263323909000178],[85.61990012800004,28.26269051100013],[85.61967907800005,28.2624999680001],[85.61912447300006,28.2621673000001],[85.61797495700017,28.261634762000085],[85.6155105520001,28.260493074000124],[85.61491057300009,28.26034713900009],[85.61406063600003,28.25975198900005],[85.61151418999998,28.25848099700005],[85.61021092599998,28.25765842500016],[85.610010413,28.257531868000115],[85.60857055800017,28.256806657000027],[85.60716605900006,28.256722452000076],[85.60687909100011,28.25694505200005],[85.60675009600016,28.257437756000115],[85.60662549900007,28.258523339000135],[85.60655795900016,28.259111790000077],[85.60617890500009,28.261047859000143],[85.60530066600018,28.262953984000035],[85.60481496900019,28.263476867],[85.60388997100006,28.26425465300008],[85.60350305500003,28.264579993000154],[85.60312691900015,28.26600640000015],[85.60264940800016,28.267817250000064],[85.60211118600006,28.26871127100003],[85.60192735200013,28.26901663000018],[85.60158012500005,28.27002140800016],[85.60149543900019,28.270626182000115],[85.60122780200015,28.272537426000156],[85.59926083300019,28.278050215000064],[85.59885496800007,28.279187723000177],[85.59850609000017,28.281315776000156],[85.59861306100004,28.283204113000124],[85.59870554700007,28.28483671300006],[85.59858815900014,28.28611447200018],[85.59856702100018,28.286184936000154],[85.59826636700018,28.287187120000112],[85.59840759100013,28.287452536000046],[85.59839887300012,28.28775512700014],[85.59835905900019,28.289137008000125],[85.59791833800006,28.290411386000073],[85.59755917700011,28.290799022000158],[85.59733027800007,28.291046070000164],[85.59676869500004,28.292434309000043],[85.59661361200011,28.294295889000068],[85.59662118000017,28.294412141000066],[85.59667327000005,28.295212307000043],[85.59658723600006,28.297283562000075],[85.59651770600016,28.298957469000072],[85.59697875000012,28.299828398000102],[85.59860018000018,28.301596620000055],[85.59934662699999,28.302410646000112],[85.59983441900005,28.30321189400013],[85.60041401600012,28.30385847100007],[85.60048199700014,28.304287747000046],[85.59958422500011,28.304946234000113],[85.59876208400004,28.305286591000083],[85.59814340300011,28.305542718000083],[85.59697747799999,28.306356311000172],[85.59456958400006,28.307520289000024],[85.59378613900003,28.30795359100017],[85.59298002500009,28.30839943100011],[85.59183398500011,28.308597393000127],[85.59022044900001,28.308481791000133],[85.58900792200018,28.30839491900008],[85.58793482300013,28.308318036000173],[85.58561220500013,28.307863099000144],[85.58351179600015,28.30707488900009],[85.58164351500005,28.306373788000087],[85.58065777400009,28.30623047100005],[85.58031613200006,28.306260775000055],[85.579794871,28.30701094900013],[85.57935387000003,28.307865131000085],[85.57910912000006,28.308339191000073],[85.57833770400015,28.309136481000166],[85.57720102800005,28.309774215000175],[85.57580414000012,28.31028745800006],[85.57295884000007,28.30992169000018],[85.57274157200004,28.309866565000164],[85.57154934700009,28.309564072000057],[85.5703212630001,28.309436187000074],[85.56792201700017,28.309523825000042],[85.56783895700005,28.309556104000137],[85.56671841700006,28.309991574000094],[85.56570542100008,28.310265219000087],[85.56471205400004,28.310193833000028],[85.56312164400009,28.309888795000063],[85.56211166100007,28.309695082000076],[85.56163578600007,28.30975544300003],[85.56027046100013,28.31050851700013],[85.55932437700005,28.31103034900019],[85.55818517500012,28.311207464000177],[85.55774845400009,28.311275363],[85.55696836300012,28.311664126000096],[85.55580831400016,28.312339194000174],[85.55482124400004,28.312913600000115],[85.55214701000011,28.314157441000077],[85.55157014300005,28.31435435100002],[85.55000816100016,28.31457169000015],[85.54861834000019,28.31476507399998],[85.54766308500007,28.31507521800006],[85.54715420800017,28.315360808000094],[85.54638116800015,28.316112727000018],[85.54614081900007,28.316475564000143],[85.54594234600012,28.316682349000075],[85.54470710000004,28.317969342000083],[85.54307791700012,28.319045903000074],[85.54134076500014,28.319237855000154],[85.54008087100016,28.319377072000066],[85.53870166600018,28.319953246000125],[85.53709922600007,28.32121279200004],[85.53664296199997,28.321731451000062],[85.53627162800018,28.322153567000157],[85.53518899900007,28.323145708000084],[85.533331659,28.324165584000127],[85.53312231100011,28.324265260000175],[85.53032952600006,28.325594965000164],[85.52839852100004,28.32685347600011],[85.52738112500009,28.327516552000077],[85.52593411300006,28.32827689600009],[85.52457051800013,28.328576049000105],[85.5228769410001,28.328947595000102],[85.52024030100006,28.33003959100006],[85.51831275600017,28.330837906000113],[85.51669842500013,28.33103795000011],[85.51630433100019,28.331086784999968],[85.51494518900017,28.33145541600004],[85.51365817300007,28.331522636999978],[85.51158219000018,28.33188344299998],[85.5087579740001,28.333106722000082],[85.50774285700004,28.33346618000013],[85.50640995700007,28.333938167000042],[85.50449358500015,28.3339735670001],[85.50333283800012,28.33378667400018],[85.50010368500017,28.33326674200015],[85.49986927800006,28.333296830000165],[85.49782298100013,28.333559487000116],[85.49764519300015,28.33356254600011],[85.49758763900019,28.333529986000087],[85.49752996100005,28.333444304000125],[85.49755015,28.33320020200017],[85.49735651800017,28.332800650000138],[85.49731500600012,28.332714991000046],[85.49679945500014,28.332435821000047],[85.49642407100004,28.332302389],[85.4957529730001,28.332255631000066],[85.49516069200018,28.33226209500009],[85.49495839100007,28.332264303000102],[85.49431779200006,28.332120180000118],[85.49379081799998,28.33191642000014],[85.49351803100006,28.331810944000154],[85.49331667900015,28.3318020480001],[85.49253597500018,28.33176755500017],[85.49216090100003,28.331701679000048],[85.49156648399997,28.331529996000143],[85.49136229000015,28.331390614000156],[85.49126727800012,28.33132576000014],[85.49106343200009,28.33124451300006],[85.4906573020001,28.33113845500003],[85.49012674900013,28.331117196000093],[85.48931722800006,28.331153117000156],[85.48830398800004,28.33116416000007],[85.48725950400012,28.331121395000025],[85.4866527690001,28.331211502000087],[85.48628144100013,28.331366669000033],[85.48591048499998,28.33159176700019],[85.48569631900006,28.331909860000167],[85.48537514500009,28.33211988300019],[85.48531042700006,28.332162204000042],[85.4848476680001,28.332525852000117],[85.4842597380001,28.332823252000026],[85.48345402700016,28.333134272000052],[85.48258045500017,28.333103135000044],[85.481721198,28.3329591320001],[85.481175834,28.332924438000077],[85.48106622400019,28.332925624000154],[85.47994755600018,28.333145272000024],[85.47921365600001,28.333029207000152],[85.47857796500011,28.332886265000184],[85.4785724300001,28.332885021000095],[85.47818310800005,28.332889201000114],[85.47805875000006,28.332931195000185],[85.47784575700007,28.332968821000122],[85.47773260300016,28.332988811000178],[85.47709481000004,28.33309272600013],[85.47675347800003,28.333207023000114],[85.47609981400012,28.333268194000084],[85.47532572000006,28.333291324000072],[85.47527417300012,28.333292863999986],[85.47526177300017,28.333300239000152],[85.47513506500019,28.333375604000082],[85.47480885800007,28.333421969000142],[85.47365725700013,28.333571997000092],[85.47337916499998,28.333739666000042],[85.47272643700018,28.33387076700012],[85.47205621200004,28.333891566000148],[85.47140311000004,28.333995607000134],[85.47099922500007,28.33405403300003],[85.47037693000004,28.33413070200004],[85.46942842800007,28.334305607000033],[85.4688383780001,28.334451834000163],[85.46856877400018,28.334484981000116],[85.46835606600013,28.334511132000102],[85.46751447100007,28.334751030000064],[85.46725401800012,28.33482527200016],[85.46674053200007,28.335016451000058],[85.4666801510001,28.335038930000053],[85.46590568500017,28.33540594700014],[85.46564327900012,28.335559865000107],[85.46522495500017,28.335771901000044],[85.46449404900011,28.335876754000083],[85.46376239500012,28.33592517400018],[85.46327939700012,28.33593035299998],[85.46248624800012,28.336049391000074],[85.46228452500003,28.336121506000097],[85.46140113500013,28.336489582000183],[85.46106011299997,28.336630813000056],[85.46042269700018,28.33671885700005],[85.45959724400018,28.3367570260001],[85.45863295300006,28.336862455000016],[85.45847651400004,28.336879558000135],[85.45788540300003,28.336953540000025],[85.45750964500002,28.336833483000134],[85.45744592400018,28.336801540000067],[85.45675625200016,28.336455815000136],[85.45636555600015,28.336363005000123],[85.45605428400017,28.336393372000032],[85.45555516300016,28.33638517600008],[85.45486838300019,28.33626842500007],[85.45363143300017,28.335855314000128],[85.453223116,28.335638640000127],[85.45228356100017,28.335303528999987],[85.45179919000014,28.335211653000044],[85.45119070900017,28.335177584000178],[85.45059791400007,28.33512751500018],[85.4500681720001,28.335119568000152],[85.44877534200009,28.335189664000097],[85.44748095400007,28.33514702100001],[85.44716930600003,28.33515032700012],[85.44654901000007,28.335377984000047],[85.44591315200006,28.335578704000113],[85.44530542100011,28.33559869200019],[85.44387148600003,28.33555748300006],[85.44309021800007,28.335428168000135],[85.44241650000009,28.335187177000137],[85.44099918700016,28.335244961000114],[85.44025875000011,28.33525280300006],[85.44003300400004,28.33525519300008],[85.43988697400005,28.33521930200004],[85.43884498000017,28.334963198000025],[85.43807896100014,28.334779576000074],[85.43761787400007,28.334745449000025],[85.43725213599998,28.334718380000027],[85.4368509790001,28.334573744000124],[85.43654698600011,28.33446414000008],[85.43552844300012,28.334032723],[85.4347276850001,28.333585500000083],[85.43425381900016,28.33313703200008],[85.43382807200004,28.332755871000074],[85.43344981700011,28.33244176800008],[85.43310212199998,28.33208679400002],[85.43229799500017,28.331391467000174],[85.43157522600012,28.330959181000082],[85.43101018100003,28.330647074000126],[85.43011587500013,28.330200848000118],[85.42919356400006,28.329962354000145],[85.42874081200011,28.32994003600004],[85.42796478700012,28.330142128999967],[85.42686068000017,28.33031834400009],[85.42598804500017,28.33035457400007],[85.42448912300011,28.330122069000083],[85.42369117400011,28.329882326000074],[85.42195829200006,28.329435218000015],[85.42189286100006,28.329418337000163],[85.42169439700018,28.329340399999978],[85.42134443800006,28.329202971000086],[85.41997882400005,28.328445766000073],[85.41933473000006,28.328080288000024],[85.418281261,28.32736039600013],[85.41796805700005,28.32723959000009],[85.41720291000007,28.32716408200008],[85.41625278500004,28.32717394100007],[85.41545883200018,28.327082062000045],[85.41526923300006,28.327060121000045],[85.41498627400017,28.326871321000056],[85.41473424900016,28.32665289800002],[85.41455934200019,28.32639304300011],[85.41419683300012,28.32606519100017],[85.41367435600017,28.325450301000103],[85.413388339,28.325024709000047],[85.41329067200019,28.324723421000158],[85.4131243980001,28.32395373800017],[85.41302823000018,28.323720132],[85.4129898710001,28.323181430000034],[85.41310156500009,28.32222839300016],[85.4132156930001,28.321415156000114],[85.41325278900018,28.321270716000072],[85.41346780800012,28.320433498000057],[85.41350879900006,28.320126323000125],[85.41355249800017,28.319798870000113],[85.41377442500016,28.318898766000075],[85.41384798500002,28.31858223400019],[85.41393124100017,28.317794119000098],[85.41398581000016,28.317200361000175],[85.41400102199998,28.315986595000084],[85.413896056,28.315132795000125],[85.41367667700007,28.313867406000156],[85.41349434500006,28.3130414150001],[85.41329582800012,28.312147991000074],[85.4130842450001,28.311473486000125],[85.41272638200007,28.310333583000045],[85.41225497700003,28.30884970800014],[85.41192003500004,28.3082870020001],[85.41166670100006,28.30797152600013],[85.4111166560001,28.30761854800005],[85.41089681500011,28.30746974600015],[85.41025646400016,28.307379367000067],[85.40975715700012,28.30730330299997],[85.40945913700017,28.30716881000012],[85.40920561700017,28.306839835000176],[85.40896416200013,28.306262570000115],[85.40867496400006,28.305591125000092],[85.40839044600011,28.305276024000193],[85.40798107100011,28.30496210700005],[85.40763580900011,28.30477399300014],[85.40680561500017,28.304437446000122],[85.40644304500017,28.30409609600008],[85.40596724700009,28.30348064400016],[85.40557218400016,28.30304261300006],[85.4048006760001,28.30241671900012],[85.40393711400009,28.30191581100007],[85.40330814500015,28.301466590000132],[85.40258812200017,28.30122591200012],[85.40199251900003,28.300943302000178],[85.40137861100004,28.300480395000136],[85.40067153000007,28.300004926000156],[85.400400698,28.299565585000153],[85.399694366,28.29914654800018],[85.39909913800017,28.29889093600019],[85.39870868999998,28.298852120000163],[85.39828768500007,28.298815803000082],[85.39800447800019,28.298597692999977],[85.3975944770001,28.298229657000093],[85.39741751200012,28.29780513000003],[85.39727016799998,28.29725405100004],[85.397179327,28.296248891000175],[85.3971222890001,28.295491583000057],[85.39700644100009,28.29496719000008],[85.3966369470001,28.294089013000132],[85.39581676000017,28.293339441000114],[85.3948399090001,28.292494563000048],[85.39458595200011,28.2921250280001],[85.39415976900011,28.291687185],[85.39338083600006,28.290481593000095],[85.3932704770001,28.290372163000086],[85.393044459,28.289797024000052],[85.39236438000017,28.288989647000108],[85.39198026800017,28.288597810000113],[85.39184333700013,28.2884581240001],[85.39172384500017,28.28842389700003],[85.391280602,28.288296940000066],[85.39018743800017,28.28810275100011],[85.38935506100012,28.287585658000012],[85.38883476600017,28.287108254000145],[85.38736122600011,28.286421728],[85.3871722560001,28.286243178000177],[85.38666134500016,28.285310004000053],[85.3864863550001,28.28487171900008],[85.386403895,28.28466518200014],[85.38571318300006,28.284259456000143],[85.38502002700011,28.28387722200017],[85.38389350900013,28.283256015000177],[85.38298208200013,28.282631430000094],[85.38202285000017,28.281950911000024],[85.38156716800012,28.281639683000037],[85.38120447200015,28.28132532900014],[85.38096669900011,28.280969044000074],[85.38049102700018,28.28034003100015],[85.37962628100001,28.27972844500016],[85.37887501500006,28.27926286400009],[85.37868429400015,28.279144669000175],[85.37804020100009,28.278695510000034],[85.37752371100015,28.278509019000182],[85.37736817000018,28.278551199000105],[85.377337485,28.27859207],[85.37703725500006,28.27946586100012],[85.37674865700012,28.28000562000011],[85.37649868500006,28.28059278100011],[85.37640049800001,28.280823415000157],[85.37626638000012,28.28129393300003],[85.37574967600017,28.282278147000113],[85.37544383200009,28.282721103000142],[85.37467136000015,28.28323866700015],[85.37414679700015,28.28361612500015],[85.37357499100011,28.283980519000067],[85.37303238000004,28.284263738000163],[85.37284789100016,28.284360034000144],[85.37187088700017,28.28472848500013],[85.37108046300011,28.285234921000153],[85.37071196400007,28.285471023000127],[85.37006066900011,28.285698616000047],[85.36931482700004,28.285857214000032],[85.36870884500019,28.285946695000064],[85.3679780010001,28.286037549000127],[85.36760423800018,28.28605479100014],[85.366529006,28.286065583000095],[85.36593677200005,28.286030889000074],[85.36528167400019,28.285967508000113],[85.36484957900007,28.285850529000072],[85.36385937100005,28.28558245500011],[85.36322014600017,28.285518887000023],[85.36275295700017,28.285550627000134],[85.36237994300018,28.28562430100004],[85.3622713310001,28.285652421000066],[85.36192676600007,28.28571420600008],[85.36161860400017,28.28576946200002],[85.36016890200011,28.285806414999968],[85.35987420900017,28.285813927000106],[85.35978532799999,28.28583931200012],[85.35942414100003,28.285942470000123],[85.35821242200007,28.286189114000138],[85.35774523300006,28.286220854000078],[85.35709381400005,28.286448384000096],[85.35648957800015,28.286675353000135],[85.3555571340001,28.28689225500011],[85.35516843500017,28.2869366810001],[85.35446740300011,28.286916608000126],[85.35382543300011,28.286688367000124],[85.35310802900005,28.286625549000064],[85.35302692400018,28.28662830600007],[85.35254760300006,28.28664460000016],[85.3513826890001,28.28692005500011],[85.35043730600017,28.287272319000124],[85.35017151700009,28.287402375000056],[85.34980219700009,28.287583091999977],[85.34970249700018,28.28762359700005],[85.34924445300015,28.287809687],[85.34864127500015,28.288174269000137],[85.34814627300005,28.288427300000023],[85.34779162600012,28.288746577999973],[85.34743885000006,28.28916515900005],[85.34721130800006,28.28966354700009],[85.34713862100017,28.290063634999967],[85.34704893800011,28.290382543000078],[85.34702992000013,28.29134820500002],[85.34751229000005,28.292105995000043],[85.34757070300003,28.292197762000058],[85.34806393200006,28.293018510000138],[85.348081675,28.293212305999987],[85.34801491400009,28.29408141300007],[85.34802629000012,28.294983107000064],[85.34802658100006,28.295006143000023],[85.3479945570001,28.29620653500001],[85.34808159400012,28.29689366100007],[85.34812462900004,28.297831579000047],[85.34786721100005,28.29844095500016],[85.34777721800015,28.29873049100013],[85.34774927800015,28.298992466000072],[85.34776908200018,28.299296814],[85.34791268200019,28.29957060400011],[85.34804120200016,28.300092308000103],[85.348109449,28.30036934900005],[85.34814967900013,28.301086348000126],[85.34807898800005,28.301637422000056],[85.34801786900005,28.301748598000188],[85.34789438200005,28.301860336],[85.34766315900004,28.30201375600012],[85.34726002200017,28.30218467000003],[85.34653011600017,28.302356517000135],[85.3460980700001,28.30234492600016],[85.34542295000006,28.30232681300015],[85.34455025500006,28.302292551000164],[85.34371130000017,28.302451959000052],[85.34332203800011,28.302512197000055],[85.34245052900002,28.302574925999977],[85.34229529800007,28.30264635500015],[85.34147945200004,28.303385211000148],[85.34116906800017,28.30351519400017],[85.34090583500011,28.303625430000068],[85.34025479200017,28.3038935190001],[85.33969292800003,28.303858450000178],[85.338862861,28.303507905000174],[85.33812924000017,28.30318286500011],[85.33767234300012,28.302980431000094],[85.33717114700005,28.302832904000013],[85.3368122120001,28.30272725100008],[85.33610799900015,28.302458951000062],[85.33572885200016,28.30216887100005],[85.33571493400007,28.30215822100007],[85.33428664100012,28.301360143000124],[85.33348650900018,28.30091229499999],[85.33256320200007,28.300549123000167],[85.33146754300009,28.300160577000156],[85.33006136199998,28.299856205000026],[85.32988732100006,28.29986188300012],[85.32946969000005,28.29987550600009],[85.32867511000006,28.299869679999972],[85.32843870700015,28.299664506000056],[85.32812559900015,28.29944716800003],[85.32795153000006,28.29932634100004],[85.32743516500005,28.299150910000037],[85.32701646400011,28.29915494200003],[85.32662546000012,28.299158708000164],[85.32526858000011,28.29907494300005],[85.32504543100004,28.298650789000135],[85.32452445100006,28.29810320400003],[85.32397247400013,28.29757168000009],[85.3237140600001,28.29723906400011],[85.32332370400013,28.296736619],[85.32278416800006,28.295970365000016],[85.32201808700017,28.29574318500005],[85.32165915700017,28.29562914200011],[85.32045411799999,28.295246265000173],[85.32018422500016,28.29484960900004],[85.31934473500013,28.294434937000176],[85.31845984800003,28.293997843000056],[85.31815051600017,28.29398161200004],[85.31802378200018,28.293974963000153],[85.317024543,28.293804148000106],[85.31588201900018,28.293375292000178],[85.31405233600003,28.292813185000114],[85.31300467000005,28.29253450400006],[85.31230369200011,28.292224893000082],[85.31230002100011,28.292223271000125],[85.31112749500005,28.291889406000166],[85.31107352900005,28.291885237000088],[85.31034822600014,28.29182920900007],[85.30967619500007,28.29168227400004],[85.30869208100017,28.291443528],[85.30803417400017,28.291147605000162],[85.30748818600011,28.291096414000094],[85.30626084300008,28.291385616000014],[85.30580840400006,28.291320051000184],[85.30522711499998,28.29093982500018],[85.304487602,28.290326618000165],[85.30447471200017,28.290316804000042],[85.30411009600004,28.29003919900009],[85.30345337500017,28.289840205000132],[85.30303293200006,28.28984419900013],[85.30258248900003,28.28994549400005],[85.30203849700013,28.290058974000033],[85.30140098900017,28.29025023400004],[85.30137070600006,28.29025931900003],[85.30110705300018,28.290318248000176],[85.300726488,28.29030903900002],[85.30063924000012,28.290306927000017],[85.29992246000012,28.290300166000122],[85.299618538,28.290397020000114],[85.29942614800007,28.29045833100014],[85.29861918600011,28.2907411650001],[85.29798027200019,28.290690847000178],[85.29740104100011,28.290477543000122],[85.29699185400011,28.29014987800008],[85.29694435099998,28.29012281700011],[85.29644268400017,28.289837022000142],[85.2958700050001,28.289728238],[85.29533421100018,28.289626459000033],[85.29480328400007,28.28950746100014],[85.29436409800013,28.289276973000085],[85.29412813300007,28.28910104800019],[85.29395260100011,28.288757576000023],[85.29389867200018,28.288641993000113],[85.29369689800018,28.28820955800012],[85.29334914000015,28.28779783900012],[85.29281596900017,28.287487045000148],[85.29237846600012,28.287394234000033],[85.29175542300004,28.28740009800015],[85.29026186900006,28.287538308000023],[85.28988100600009,28.287630586000034],[85.28943859800006,28.28773777600003],[85.28809983800016,28.28782037100018],[85.28753909900001,28.28786629399997],[85.28682369299997,28.287915839000107],[85.28503149500006,28.28786281400005],[85.28219531200011,28.287821768000015],[85.28024807200012,28.287797237000063],[85.27935944100005,28.28775141200009],[85.27814429000011,28.287735706000035],[85.27596282900004,28.28772679400015],[85.27490494400013,28.28769670600019],[85.27488766100004,28.28769621500004],[85.27350084700004,28.287655007000183],[85.27279256400016,28.287715739000078],[85.27268474300001,28.288779204000036],[85.27271590300012,28.289845920000175],[85.27301428900012,28.2903438190001],[85.27325712200008,28.29077928400011],[85.27325812400017,28.29078180199997],[85.27355862800016,28.29153665900003],[85.27359967600017,28.29194006000006],[85.27362603400019,28.292603001000145],[85.2735591550001,28.293138200999977],[85.27345665600006,28.29373695900017],[85.27320811300018,28.294370896000146],[85.27288477100007,28.29482722500012],[85.27255445000003,28.29503563000003],[85.27252175100006,28.295056259999967],[85.27198062300005,28.295627513000113],[85.2716721590001,28.29584017500008],[85.27114853,28.296379617000127],[85.27084936200015,28.29684658200017],[85.27082574800016,28.29688344100009],[85.27035573800015,28.29732539300005],[85.2697374390001,28.297572548000176],[85.26933830100006,28.297819894000042],[85.26888423100019,28.29804967800004],[85.26830130399998,28.298217527000133],[85.26768013800012,28.298223266000036],[85.2666734600001,28.29811982000018],[85.26627051500009,28.298042383000052],[85.26555499200015,28.297773770000106],[85.26538770700006,28.29758134700012],[85.26481903600018,28.297392604000038],[85.26469788500003,28.297252461000085],[85.26443016000013,28.296942763],[85.26376825500017,28.296626342000025],[85.26266747200015,28.296264355],[85.26225304200011,28.296166116000165],[85.2620080640001,28.29610804500004],[85.26175335599999,28.295957603000033],[85.26165836500007,28.295901496000113],[85.26144937500015,28.295836702000088],[85.25993441800011,28.295367014000135],[85.25930975700004,28.29513139900007],[85.25881476500012,28.29497359300018],[85.25795488100005,28.294884460000162],[85.25652894600012,28.29488181100004],[85.25607100800005,28.29478899900016],[85.25605806000004,28.294764743000087],[85.25584692200016,28.294369221000068],[85.25529787300013,28.29427728100012],[85.25498722700019,28.29429596200015],[85.25465958000012,28.29439594700017],[85.25455471300006,28.294631549000087],[85.25442816200018,28.294916897000064],[85.25427833900011,28.295721388000118],[85.25425603900004,28.29584112200007],[85.25399199300006,28.296684917000164],[85.25373945700011,28.29699401099998],[85.25347235500004,28.297578452000153],[85.2532217530001,28.298049968000043],[85.2529520920001,28.29842461700008],[85.252465083,28.298945688000117],[85.25186652900004,28.299357202000067],[85.25173258100017,28.29956930999998],[85.25172323000004,28.299584116000176],[85.25134308700012,28.299928142000056],[85.2509266350001,28.300223045000166],[85.25049031300006,28.30045258000007],[85.24998249900017,28.300779791000082],[85.24943856400017,28.301125438000156],[85.24889418900017,28.3014867710001],[85.24811540600012,28.302075891000186],[85.24796961000015,28.302142633000187],[85.24776913500017,28.302259744000025],[85.24775732200015,28.302364047000026],[85.24773669800004,28.30246460000012],[85.24762883500011,28.302590149000082],[85.24720425900011,28.302896302000136],[85.24699203000006,28.30316896100004],[85.24654755600005,28.30466856800001],[85.2465912720001,28.30601038500015],[85.24620517500006,28.30699741500007],[85.24588943400016,28.30855676900012],[85.24466235000006,28.31125456700005],[85.24457886900018,28.3120260230001],[85.24449546099999,28.312796800000058],[85.24399668800004,28.314071302000173],[85.24350342600007,28.314779604000137],[85.24207006400013,28.316388362],[85.24201008700004,28.316455677000192],[85.24181609400011,28.316829969000082],[85.24133814900006,28.31775211200005],[85.24000461800011,28.31870937700012],[85.2394760680001,28.31898262500016],[85.23923171100006,28.319108953000125],[85.2388184450001,28.319464601000107],[85.23788724600007,28.319948979],[85.23777674000019,28.32002279600016],[85.23624744000011,28.321044352000172],[85.23469225800005,28.32163595800006],[85.23411242300011,28.321788454000057],[85.23246279400013,28.322222305000025],[85.23118977100006,28.322414264000145],[85.23003035000016,28.32301119000016],[85.2296741990001,28.323406899000133],[85.22896926800013,28.32461784000003],[85.22855138199998,28.324979310000117],[85.228505445,28.325019046000193],[85.22846896900018,28.32502659900001],[85.22683134900007,28.325365674000125],[85.22548857400005,28.326038715000095],[85.22273058200011,28.32818159700014],[85.22153736000018,28.329003869000132],[85.22069750900005,28.329582624000125],[85.21958152100007,28.33014299100006],[85.21879442500017,28.330759048000118],[85.2180230730001,28.331076319000033],[85.21670355900017,28.33161905900016],[85.21527855400012,28.33196794000014],[85.21310430900007,28.33352119900013],[85.21013395600005,28.33620265700017],[85.20688653300004,28.33812630200009],[85.2065149980001,28.338512417000118],[85.20642464800011,28.33860631300007],[85.20393188700018,28.33996827200008],[85.202335834,28.340593689],[85.20137133800017,28.34058185900011],[85.2001434450001,28.34038516900017],[85.19820722800017,28.339278798],[85.19542909000018,28.336799223000128],[85.19503865100012,28.336250265],[85.19437676200016,28.33531965000003],[85.1941793690001,28.334484471999986],[85.1934778050001,28.33313264500015],[85.19304905700017,28.332804792000104],[85.19137042099999,28.332140510000045],[85.19037894100006,28.331535547000158],[85.1891000870001,28.330516823000096],[85.18856940100005,28.33009408300012],[85.18542930700016,28.327809234000142],[85.18353178700016,28.32575243900004],[85.18338950400005,28.32559821300009],[85.1821315090001,28.32444966800017],[85.18174775200009,28.324216120000017],[85.18116770500012,28.324207611000134],[85.18058315100006,28.32454200799998],[85.18025881000017,28.324892221000084],[85.180183155,28.325085079000075],[85.18013363400013,28.325211315000047],[85.17954995200012,28.325629205000155],[85.17694446700011,28.326486333000048],[85.17651756300012,28.32658836100012],[85.175495152,28.326832713999977],[85.17433624600005,28.32763278800013],[85.17403270000017,28.327842347000114],[85.17387610400016,28.327861081000094],[85.17212257500012,28.328070856000124],[85.17068406900012,28.328475670000046],[85.17007726700018,28.328823815000135],[85.16889889200013,28.3303452830001],[85.16883732400015,28.330390749000117],[85.16785126200011,28.331118945000185],[85.16671065500014,28.33155051100016],[85.16490889000005,28.331793771000036],[85.16437338500003,28.331739062000054],[85.16325824000006,28.331625133000102],[85.16170644400006,28.331647354000097],[85.15975522100018,28.33184617200004],[85.15972664000003,28.331849084000112],[85.15972451900012,28.3318493000001],[85.15972457000004,28.331849210000087],[85.16060537100003,28.33031683000013],[85.16106432500015,28.32966060800004],[85.16208140900011,28.32820635800016],[85.16334688800009,28.325914874999967],[85.16352333800012,28.32559536800011],[85.16376191000018,28.325258397000027],[85.16486338800019,28.323702625000067],[85.16497092399999,28.323482037000133],[85.1651825460001,28.323047939000105],[85.16579467100001,28.322257708000166],[85.16645615100003,28.321552647000033],[85.16736274900012,28.320586323000157],[85.16780171700003,28.31983283500017],[85.16861881600005,28.318430289000105],[85.16949490900015,28.31742345900011],[85.17121231000004,28.314395011000045],[85.17353159500016,28.31163188300019],[85.17360011900018,28.311550247000184],[85.17361125600013,28.311515720999978],[85.17374679500006,28.311095540000167],[85.1756337920001,28.30845987900011],[85.1758040850001,28.308222023000155],[85.17607538900018,28.307739742000138],[85.17716214500018,28.305807888000174],[85.17853206000012,28.302835234000042],[85.17879450600014,28.30226573599998],[85.17928376300006,28.30179003700016],[85.17929384100017,28.301088413],[85.17913387400017,28.300566458000105],[85.17825059500018,28.298516251000024],[85.17714411400004,28.295947965000153],[85.17708570200017,28.295213030000184],[85.178109151,28.29357003600012],[85.17843488200009,28.29304712200019],[85.1791953180001,28.291398347000097],[85.17952313800004,28.289058501000113],[85.17942023500012,28.288105210000026],[85.17932402300016,28.287777150000068],[85.17899988500017,28.28667189500004],[85.17914731800005,28.285946463000016],[85.17943955600003,28.285506870000177],[85.17984868700006,28.284891446000074],[85.17995368900006,28.284139389000075],[85.1798728650001,28.283118902000126],[85.17984192200015,28.282728203000033],[85.18049537700011,28.280859256000042],[85.18083199400019,28.28029671400003],[85.18158627200006,28.27903619000017],[85.18178331900009,28.27853592600019],[85.18239062900005,28.277860684000075],[85.18345812800004,28.277093523000133],[85.18419474200005,28.27595926300006],[85.18465161600017,28.273266326000055],[85.18561828100013,28.27127964600004],[85.18609376600011,28.269118974000094],[85.18640481200009,28.268325239999967],[85.18675284000011,28.267437137000115],[85.18742977500011,28.266325937000033],[85.18840203700006,28.265548274000082],[85.19017436300015,28.265049941000143],[85.19245896000012,28.26440757200004],[85.1926886820001,28.26427471200003],[85.19322062300017,28.263710648000085],[85.1937333510001,28.26299032300011],[85.19499794200004,28.261213715000167],[85.19737691200004,28.25956196700014],[85.19781594200015,28.25934614900018],[85.1982972990001,28.259109525000156],[85.200311338,28.25655853900014],[85.20073281800006,28.255544928000177],[85.2013092570001,28.254158648000043],[85.20140333700004,28.252779524000175],[85.20189739600016,28.251544050000064],[85.20245525700005,28.250149029000056],[85.20244357100012,28.250131030000034],[85.20201114200017,28.249507704000166],[85.20090074300003,28.248734754000168],[85.20010263400019,28.24826991200007],[85.19923336200003,28.247763625],[85.19829237500005,28.24721922100008],[85.19711591400011,28.246424296000157],[85.19672308900005,28.246158867000133],[85.1961138210001,28.24574719000009],[85.19465990900005,28.244893679000086],[85.19402163100017,28.244314971000165],[85.19389684400005,28.243968687000063],[85.19386373800018,28.243280936000133],[85.1937427040001,28.24270679800003],[85.19357391900007,28.242475941],[85.1935752340001,28.242363139000133],[85.19311469100012,28.24143996400005],[85.192658655,28.240176195000174],[85.1924128330001,28.239257961000078],[85.19251221600007,28.238341232000153],[85.19310449600005,28.23617050100006],[85.19316620199999,28.234911241000134],[85.19304460600006,28.234337039000025],[85.19274971900012,28.233877202000087],[85.19232497200005,28.233413923000057],[85.19190717400011,28.232492686000114],[85.19148624400009,28.23180155400013],[85.19119454800011,28.23111154900016],[85.19117965900006,28.231085903000178],[85.19081536400017,28.23045841300012],[85.19000967900007,28.229572166000025],[85.18830299600012,28.228294439000138],[85.18805085200006,28.227834165000047],[85.18801968800017,28.22703361100008],[85.18877449500019,28.225511135000033],[85.18887268500009,28.224709460000042],[85.18866466300011,28.22421050000014],[85.18738616700006,28.223238066000192],[85.18748936500003,28.222091234000118],[85.18767536100017,28.2211760080001],[85.18807970700004,28.220033304000026],[85.18847666700003,28.219425303000094],[85.18943693199998,28.218634141000166],[85.19000155200018,28.218333741000038],[85.19087388800006,28.217656192000163],[85.19183014700002,28.217131256000073],[85.19256736900013,28.216833857999973],[85.19417799100012,28.2157414830001],[85.19452457200015,28.215594128000077],[85.194917277,28.21529291100012],[85.19556869799999,28.214955579000105],[85.19608844400005,28.21480897500004],[85.19656538500016,28.214583692000133],[85.19708938900015,28.21413024100019],[85.19952503600018,28.212629044000096],[85.20035800700009,28.211681080000176],[85.20066272200012,28.211493416000053],[85.20109992300019,28.211079022000092],[85.2014950680001,28.21054770300009],[85.20160184200006,28.21035094800004],[85.20164799200012,28.210265907],[85.20180504100006,28.20997651000016],[85.20183245600009,28.209764059000065],[85.20185429300005,28.209594857000127],[85.20212289600016,28.208908986000097],[85.20221395400006,28.20856526900019],[85.20223326600006,28.20847040300015],[85.202306889,28.208108812000148],[85.20266711500017,28.20707922200006],[85.20300813000006,28.206565569000134],[85.20337210600013,28.206017330000122],[85.204263782,28.20396121900012],[85.20427260800005,28.203385895999986],[85.20411208300015,28.202581964000103],[85.20408861800007,28.20251669800001],[85.20390512500012,28.202006325000184],[85.20352681400016,28.20131256900015],[85.20336316200013,28.200736555000105],[85.20342793500004,28.199244879000105],[85.20359522600012,28.198498406000112],[85.20365892600006,28.198214163000102],[85.20371043400007,28.197640777000117],[85.20350660300016,28.196834971000044],[85.20313217400019,28.195913360000077],[85.2029414430001,28.19554535000003],[85.20271318400017,28.19510492600017],[85.2024679860001,28.194184505000123],[85.201284929,28.19256388000008],[85.20112133900017,28.19198786700008],[85.201046743,28.19118325000005],[85.20080223200011,28.190262704000077],[85.20072262700006,28.189803181000173],[85.20073095200013,28.18923017100019],[85.20058152100006,28.188639605000162],[85.20052706000013,28.188424364000014],[85.20049076300006,28.187964467000086],[85.20003234500012,28.186926303000178],[85.19989628000013,28.186742446000153],[85.19897570500007,28.18549853900015],[85.19881399200011,28.184807472000102],[85.19886042800005,28.18457924400019],[85.1987889890001,28.183674165000184],[85.19878783299998,28.183659513000066],[85.19887695000017,28.183430910000027],[85.19927053300017,28.18305295100015],[85.19949069700004,28.182710424000106],[85.19937166500017,28.18202117100003],[85.19937861100004,28.181560900000022],[85.20003698000005,28.1807272370001],[85.20031059100006,28.179698521000034],[85.20027610900001,28.17912350900008],[85.19987376800003,28.17716899100003],[85.19992402200012,28.176710658],[85.19958914500006,28.17601652800016],[85.19946691900003,28.175557379000054],[85.19879090600017,28.174631638000108],[85.1978239440001,28.173013643000104],[85.19782901400015,28.172668486000077],[85.19774621700014,28.17243681800005],[85.197366907,28.17186042500009],[85.19690855100009,28.170822261000126],[85.19657179600006,28.170243182000092],[85.19644769700017,28.169896836000078],[85.19589966100011,28.16908727500015],[85.19564614,28.168778173000135],[85.1953526900001,28.168201033000173],[85.19509641700012,28.16804535500006],[85.19389520800013,28.167726487000152],[85.19320586300017,28.167718913000044],[85.19216949800011,28.167858821000095],[85.1919959550001,28.167932498000084],[85.19173242500011,28.16794426900003],[85.19130642100004,28.16796329700003],[85.18803242100006,28.16792636800011],[85.18631246600012,28.16771342000004],[85.18511044600012,28.167432800000086],[85.18304766500006,28.16706492300011],[85.18253273600004,28.1669430500001],[85.18215647600016,28.166808681000077],[85.18099051700005,28.166390135000086],[85.18013357600012,28.166072649000114],[85.17778178700013,28.16493558600007],[85.17718427000017,28.16458305900011],[85.17703007000017,28.16449208400013],[85.17645916700013,28.164155258000164],[85.17509543200015,28.16322175600004],[85.17407515100001,28.162330382000164],[85.17369740200013,28.16171330600008],[85.17213746800019,28.159590345000026],[85.17177871600018,28.158775904000038],[85.1716801130001,28.158552055000087],[85.17142556400012,28.15817537500004],[85.17113295300015,28.15774236900006],[85.17107401000015,28.157577561000096],[85.17084419700006,28.156934998000168],[85.17050894400012,28.156358108],[85.17012931500005,28.15585608400005],[85.16953565900013,28.155274626000107],[85.16924089300005,28.15485078400019],[85.16886019800012,28.15453161900018],[85.16817811600015,28.15395978300012],[85.16788335300004,28.15353362899998],[85.16643907300005,28.152255595000156],[85.16554189300007,28.151379805000147],[85.16520882700007,28.15105468000013],[85.16452842800015,28.150510031000124],[85.16431046300016,28.15024117600018],[85.16367242200005,28.149813265000034],[85.16338047500011,28.149617466000052],[85.16236006700007,28.148802710000155],[85.16142689800006,28.147948895000127],[85.16100215000006,28.147562172],[85.16081721500012,28.14738525400014],[85.1582885040001,28.14496617200018],[85.15778152100012,28.144386216000157],[85.1571447440001,28.14380506900011],[85.1561582010001,28.142686907000154],[85.15608778600006,28.14260709700011],[85.15598224300015,28.142454925000152],[85.1557937720001,28.142183192000118],[85.15524792700012,28.141296762000138],[85.15523988100017,28.141286932000014],[85.15474182100019,28.14067837200014],[85.15441194800013,28.13975626200005],[85.15433121500013,28.139411791000043],[85.15438753700016,28.138608239000177],[85.15452571800012,28.138036356000043],[85.15470933600005,28.137349046000168],[85.15481538400013,28.137137530000075],[85.15510917500018,28.13655156200008],[85.15563887100012,28.135753080000086],[85.15577511300006,28.135296249000078],[85.15581721800004,28.134697916],[85.15583149800017,28.134495009000034],[85.15601436300011,28.133807575000162],[85.15645531900003,28.13316320200005],[85.15684858700007,28.132821490000026],[85.15698729200005,28.132734529000174],[85.15732634200003,28.132521962000112],[85.15758956400015,28.13221968200014],[85.15790034800011,28.13164855100007],[85.1581264570001,28.13096317900016],[85.1582220200001,28.130389357000126],[85.15814854700011,28.12958467800007],[85.15794452600005,28.128893800000128],[85.15769400700003,28.12843352400006],[85.15664024000012,28.12704375600015],[85.15648919700016,28.126887460000034],[85.15503136600006,28.12537894100018],[85.1548602680001,28.12514352100004],[85.15359934900016,28.12341034300016],[85.153228635,28.122727976000135],[85.15322360100015,28.122718711000175],[85.15318719600003,28.122668652000186],[85.15221257900015,28.121328506000168],[85.15169469,28.120287562000158],[85.15150401600005,28.119904310000095],[85.15104372100006,28.119096063000086],[85.150495621,28.118401366000057],[85.15032821400013,28.11809370200018],[85.1495248380001,28.117202582000175],[85.14833320300016,28.11634857500013],[85.14831288400018,28.11633839400008],[85.14786383300003,28.116113401],[85.14662153300009,28.115048878000152],[85.14650554100012,28.114949483000032],[85.14636174400005,28.114863497000158],[85.14454476300006,28.11377699100018],[85.14399172000003,28.113389079000058],[85.14361746300006,28.11308020100006],[85.14356691000006,28.11303847900018],[85.14292731600005,28.112649003000115],[85.14160538300001,28.111906483000098],[85.1414072880001,28.111826500000177],[85.14092123000017,28.111630247000164],[85.13904231200013,28.110727734000193],[85.13852994800004,28.110454562000143],[85.13822789000011,28.110236185000133],[85.13772169300006,28.109870226000112],[85.13634957400012,28.109432679000065],[85.1351481150001,28.109072628000035],[85.13480553900018,28.10891538700008],[85.1341178830001,28.108790198000122],[85.13379646600009,28.10872675100012],[85.13308665000011,28.10858663700003],[85.13257140800016,28.108464577000063],[85.1313547850001,28.108204631000092],[85.13085345700017,28.10809751700009],[85.13048413100017,28.108047086000113],[85.1287030630001,28.10780388200004],[85.12749897700013,28.107671685000184],[85.12659772600006,28.10743094100019],[85.12591232200003,28.107154579000053],[85.12501576700015,28.10656868000018],[85.124208829,28.10579248600004],[85.12399823900017,28.10548288500013],[85.12401493600004,28.10437114000007],[85.12401663800017,28.10425780900016],[85.12369621500005,28.102683569000135],[85.12336146200016,28.101991500000167],[85.12305308300012,28.10124008000014],[85.1230292730001,28.10118206700008],[85.12265041500001,28.099912863000043],[85.12265041600011,28.099854243000152],[85.12262129800018,28.099683008000113],[85.12265061500005,28.09925867200019],[85.122679258,28.098841158000084],[85.122731757,28.098075903999984],[85.122959369,28.097275480000064],[85.12298534000013,28.095551761000138],[85.12270115300015,28.094399046999968],[85.12270446900004,28.094171192000033],[85.12265047900001,28.094052078000118],[85.12249613200015,28.09370816800009],[85.12244206800011,28.093436284000177],[85.12233579700012,28.092901863000122],[85.12236238300017,28.091178796000065],[85.12236239300017,28.091178206000052],[85.12236269500005,28.09117781400016],[85.12262592700012,28.09083761500017],[85.12265042600012,28.090808118000155],[85.12319624200018,28.090156186],[85.12411244900005,28.089402020000136],[85.12463282100009,28.089178925000056],[85.12483736600007,28.089065874000028],[85.12632736600006,28.088242350000144],[85.12702428500006,28.087753906000046],[85.12812512400012,28.086802824000017],[85.12850849000006,28.08647161000016],[85.12916110200007,28.08605790700011],[85.12955148900011,28.085871993000183],[85.13020072000012,28.085688396000023],[85.13035129100001,28.085663564000072],[85.13128058100017,28.085510306],[85.13319295100013,28.08467219400012],[85.13323208900016,28.084655041000076],[85.13505029800007,28.084067000000175],[85.13565428200013,28.08399658000019],[85.13642630000004,28.084236133000047],[85.13693891200018,28.08454992700007],[85.13748044700014,28.084799631000124],[85.13822204100006,28.085141583000166],[85.13860805000007,28.08526020400012],[85.13899274400012,28.085496126000123],[85.14066576000016,28.08597629900015],[85.1414824960001,28.086101868000128],[85.14311549000018,28.086352933],[85.14401548700016,28.086670294999976],[85.14530481200012,28.08687836000007],[85.14633454200009,28.087196849000065],[85.14839694900013,28.08756760100016],[85.14930026300004,28.087654797000084],[85.15020968300018,28.087938250000036],[85.1503293070001,28.08797553500017],[85.15094492800017,28.08804391800004],[85.15110357800012,28.088061541000172],[85.15227124000012,28.087769712000124],[85.1534282020001,28.08820669300013],[85.15363506200015,28.08823978700019],[85.15445956200017,28.088371695999967],[85.15549473900012,28.088308844000096],[85.15627439200006,28.088011259000098],[85.1563888120001,28.087937662000115],[85.156796703,28.08767529800008],[85.15757523100012,28.087454395],[85.1587468990001,28.0868940900001],[85.15939613000006,28.086710368000183],[85.16055985200006,28.08664864300016],[85.16133793800014,28.086506731000156],[85.16185674899998,28.08632181900009],[85.16206641400004,28.08632375000019],[85.16211496500006,28.086324198000057],[85.16257541800002,28.086159637000037],[85.16367327000012,28.085767276000126],[85.16431194000018,28.08549343500016],[85.16453985000004,28.085396823000167],[85.16518952000013,28.085136295999973],[85.16597098600016,28.084723658000144],[85.16674932700016,28.08442826100014],[85.16778563200018,28.084175801000185],[85.16817595900005,28.08398976300009],[85.1683769920001,28.08393321000011],[85.16895323500006,28.083771108000178],[85.16948742100004,28.083480018000103],[85.16977757500007,28.083321912000144],[85.17012684800011,28.08298282400017],[85.17038957000017,28.082642171000145],[85.17061292900007,28.082071789000167],[85.1703231090001,28.08126441899998],[85.17011233000017,28.080995502000064],[85.169432454,28.08035222400008],[85.16888126900017,28.079830711000056],[85.16744281500019,28.078076826000142],[85.16735994900006,28.077975788000117],[85.16693870600011,28.077359025000135],[85.16651308200005,28.077046794000182],[85.16570670400012,28.07678818500017],[85.16514252399998,28.076607248000016],[85.16431183000003,28.07622408100002],[85.16326254200004,28.07574117000013],[85.1621586490001,28.074733117000164],[85.16200411200003,28.074511191000056],[85.161863509,28.074309275000076],[85.16122779699998,28.073613075000026],[85.16088703400015,28.073379090000117],[85.16037479600004,28.073103669000147],[85.1597049130001,28.072909749000075],[85.15913296800016,28.072744180000143],[85.15849162300009,28.07246763100011],[85.1581468760001,28.07176198900015],[85.15811518900006,28.071697132000054],[85.15790679100019,28.071236357000032],[85.15752585100012,28.070810952000045],[85.15714159300012,28.07061564900016],[85.15662854000004,28.070378600000026],[85.15607197399999,28.070158152000033],[85.15573073100012,28.070022992000077],[85.15526223800015,28.06967276500012],[85.15458371900007,28.069013000000155],[85.15403857900009,28.068264460000023],[85.15357131900015,28.067622857000174],[85.1534042240001,28.067276823000157],[85.15209631100015,28.065539520000186],[85.15141829300018,28.064803074000167],[85.15010193000006,28.06363871900004],[85.14929157000012,28.06278693600018],[85.1492545000001,28.06274797100002],[85.14921688400017,28.062699226000177],[85.14874777000011,28.062091335000048],[85.14818369000011,28.06147973999998],[85.14807050000019,28.06135701400018],[85.14798267300012,28.061239348000186],[85.14752165100015,28.060621696000055],[85.14697879700003,28.06002626500009],[85.14688681500002,28.05992537200018],[85.14684829300006,28.05986773],[85.14642357800017,28.059232177000126],[85.14570419100005,28.05841929899998],[85.14523989200012,28.057800535000126],[85.14498893500001,28.057337947000065],[85.14469592200004,28.056798929000024],[85.14423080800009,28.056220785000164],[85.14334745700012,28.05487014100015],[85.14309587600019,28.05440749000013],[85.14250866200007,28.05340625800011],[85.1419596240001,28.052709248000156],[85.14166160700006,28.05247707700005],[85.14115368600005,28.05193542899997],[85.14042910600011,28.051465458999985],[85.13970871900011,28.050729201000024],[85.13902837600006,28.05025343500006],[85.1389850110001,28.050223109000058],[85.13874877100011,28.049898302000088],[85.13873224100018,28.04987557400017],[85.13872598100016,28.049869355999988],[85.137757018,28.048906830000135],[85.13725791900004,28.04775373900003],[85.13723619300004,28.047706903000062],[85.13688261100009,28.046944680000138],[85.13596371200015,28.045097955000188],[85.13571551100011,28.044405201000075],[85.13504287200016,28.043364033000103],[85.13458176500012,28.04255572200009],[85.13429013000007,28.041901651000046],[85.13425432300005,28.04181847000018],[85.1340406110001,28.04132394900006],[85.13359106900003,28.04054193899998],[85.13324424800004,28.03993862200008],[85.13303735000017,28.03936054600001],[85.13287570000011,28.038671604000058],[85.13292751700004,28.038098158000025],[85.13306006900018,28.03783087100004],[85.13345584100006,28.03726361700018],[85.13360155500004,28.03710627800001],[85.1338053020001,28.036886280000147],[85.13438131300006,28.035746767999967],[85.13490875900015,28.034950599000126],[85.13513092900007,28.034493081000107],[85.13565725000018,28.03377359200016],[85.136009526,28.03324283300003],[85.13714534000002,28.03203552300016],[85.13771452300017,28.031263501000012],[85.13775946400006,28.031202547000134],[85.13845982400011,28.030407192000155],[85.13963487700005,28.029429675000188],[85.14015625200011,28.029091463999976],[85.141065266,28.028682330000095],[85.14149833900007,28.028459919000056],[85.1415880180001,28.028438440000173],[85.14180073700004,28.028387494000185],[85.14244940800012,28.02812715300007],[85.14271385100011,28.027983763000123],[85.1436197650001,28.027492543000108],[85.14465650900007,28.027201962000163],[85.14517200400019,28.02720665700008],[85.14641069300006,28.027408007000076],[85.14671654100016,28.027457723999987],[85.1474898140001,28.027505420000068],[85.14826414900011,28.02751699400011],[85.14903967300017,28.02741126700016],[85.14951348500011,28.027380216000154],[85.1499010600001,28.027307042000132],[85.14996757700004,28.027290838000056],[85.15093686500012,28.02705470700016],[85.15235955500003,28.026844251000114],[85.15287480000012,28.026887380000062],[85.15326299900005,28.026816331000134],[85.15455017900013,28.026833710000062],[85.1548108560001,28.026837231000115],[85.15541390300018,28.026768997000147],[85.15597370500012,28.026698888000112],[85.15649007300004,28.026667462000148],[85.15700838300012,28.026520984000115],[85.15786847900006,28.026184715000113],[85.15804637900004,28.026115163000043],[85.15943233400003,28.025444747000165],[85.16008432100006,28.024956552000162],[85.16026529900012,28.024891812000135],[85.1607783,28.024544601000116],[85.16103851900016,28.024393495000027],[85.16155689000016,28.024249265000037],[85.16207319700015,28.024217840000176],[85.16220330600015,28.024142286000142],[85.16336289999998,28.02423398600007],[85.16400612600012,28.02435711100003],[85.16431314700003,28.024361303000035],[85.16444696700006,28.024363081],[85.16503842700018,28.024370939000107],[85.16542575000017,28.02433607400019],[85.16594343300011,28.024191784000152],[85.16641156399999,28.02399156000007],[85.16672215000011,28.02385807700017],[85.16698343300015,28.023630289000153],[85.16758998600017,28.02329576700015],[85.16772115900011,28.023143533000166],[85.16809811600012,28.022792883000136],[85.16828809400005,28.022615340000073],[85.16853655700004,28.022400173000165],[85.1693326620001,28.021710753000093],[85.16993996700018,28.021337983000024],[85.17045827400017,28.02119144200003],[85.17084559900013,28.02115882700008],[85.17149791200006,28.021166745000073],[85.17226366000017,28.021176038000192],[85.17279209000003,28.021205357000042],[85.17316597700011,28.021226987000034],[85.17346962900018,28.02103944600009],[85.17420763600006,28.020723622000048],[85.1745077490001,28.02059519000011],[85.17515522900004,28.020411406000164],[85.17580058300013,28.02038110700005],[85.17664844600006,28.020709297000053],[85.17682681200006,28.02077833900006],[85.17748228500005,28.020917087000157],[85.17759820700019,28.02094096200011],[85.17863069700019,28.020916294000187],[85.18044202600004,28.020519487000115],[85.18047378500012,28.02050816000019],[85.18147895900012,28.020149663000097],[85.18193115200017,28.02000587100008],[85.182169934,28.019929381000168],[85.18255725800009,28.01989670400002],[85.1831636170001,28.019789974000105],[85.18350538600004,28.019717111000034],[85.18435438000012,28.019585152],[85.18441195700018,28.0195762030001],[85.18453869600006,28.019541312000115],[85.18480103200011,28.01946909300011],[85.18482943600014,28.019472158999974],[85.18518785500004,28.01951084600006],[85.18639663600015,28.0193380070001],[85.18669959800019,28.01926545700013],[85.18704711800012,28.019079729000055],[85.18708636400004,28.01901173599998],[85.187312841,28.018624024000076],[85.18714762300004,28.018163001],[85.18696471900017,28.017826153000044],[85.18677143800005,28.017471432000093],[85.18593176700017,28.01612060000008],[85.18563562700018,28.015773565000018],[85.18484001200017,28.0143862380001],[85.18454969200008,28.013696170000173],[85.1843008620001,28.01308022100011],[85.18415670400009,28.012630259],[85.18394199400007,28.01195847600013],[85.18393237400016,28.01192838100019],[85.18390395100005,28.011742790000028],[85.18382339500016,28.011216802000035],[85.18381540600012,28.011164635000057],[85.18373467400016,28.010817914000086],[85.18374189700012,28.010365580000155],[85.18374562700012,28.010132038000165],[85.18370857300005,28.009854824000172],[85.18366883600004,28.009557526000037],[85.1836728990001,28.0093069400001],[85.18370600700018,28.00726517100003],[85.18376915000016,28.006005847000097],[85.18386458700019,28.005434275000027],[85.18453159,28.00414265100011],[85.18451297500019,28.00377512199998],[85.18449904500011,28.003493272000128],[85.18415978600018,28.003144235000093],[85.18386645900017,28.00264371300011],[85.18382709600019,28.00241398300011],[85.18392059299998,28.001957463000167],[85.18445010300013,28.001163355000187],[85.18458678200017,28.000706462000096],[85.18346226500012,28.000167121000175],[85.1834363210001,28.000154678000115],[85.18345114500005,28.000119027000096],[85.1835106900001,27.999975822000067],[85.18368729600013,27.99979609000013],[85.1840288790001,27.999599113000045],[85.18492190000018,27.998925939000117],[85.185183123,27.998585287000026],[85.18581361900016,27.99784667700004],[85.18598903999998,27.997504585000115],[85.186055786,27.997276108000165],[85.1860609200001,27.996818148000102],[85.18591444700013,27.996494549000033],[85.18523505100006,27.995839472000114],[85.18459777400017,27.99526288700008],[85.18436443600007,27.99501453100015],[85.18381145600011,27.994590684000173],[85.18283416499997,27.993762118000177],[85.1823030590001,27.993243342000085],[85.18215652300006,27.99291974400012],[85.18213627700015,27.992861248000054],[85.18209560200006,27.99263376900018],[85.18211979000012,27.992403477000153],[85.18231815000019,27.991891901000088],[85.18251519200015,27.991549622000093],[85.182603562,27.991320958000188],[85.18267030900012,27.991092541],[85.1827625570001,27.99052328100015],[85.18274419100004,27.990236932000187],[85.18270357600011,27.990007202000186],[85.18270420300007,27.98995077000012],[85.18268433300005,27.989815594000163],[85.1825799770001,27.989568364000093],[85.18230427000015,27.989279635000116],[85.18204887000013,27.989105959000142],[85.18187777100007,27.989028463000125],[85.18119392699998,27.988833594000084],[85.18102276400015,27.988756097000135],[85.18078227100006,27.988575206000178],[85.18040591900018,27.988292128000012],[85.18021601400017,27.988005027000156],[85.18013534500017,27.98754775300017],[85.18013991600009,27.987148414000103],[85.18027409799998,27.986632963000147],[85.18027688700016,27.98638924400018],[85.18027866900013,27.98623362400008],[85.18055153600005,27.984864189000177],[85.18055930200018,27.984119693000025],[85.18054093500012,27.98383334400006],[85.18037784700016,27.983146715000032],[85.18033980000013,27.98274550100001],[85.18023293300007,27.98218954300006],[85.18021857700012,27.982114868000167],[85.1801787760001,27.981846766],[85.18016066100012,27.981580727000107],[85.18022934600003,27.981180826000127],[85.1805153840001,27.98055351300019],[85.18064568400018,27.980383156000073],[85.18070621600003,27.980324695000093],[85.18105807600006,27.979984886000125],[85.18138535700001,27.979472187000113],[85.18152016100015,27.978958985000077],[85.18170272200007,27.977987388000088],[85.18194620200018,27.977360387000147],[85.18201454800015,27.976962467000078],[85.18201488900007,27.976960486],[85.182104509,27.976619080000035],[85.18232899800006,27.975762161999967],[85.18248793000004,27.975018606000106],[85.1826659190001,27.974448597000105],[85.18299582900005,27.973708107000107],[85.1832359920001,27.97336539200012],[85.18340928700013,27.973176662000128],[85.18360413900012,27.97304411500005],[85.18379767600004,27.972970249000184],[85.1841202600001,27.972897574000115],[85.18486427500011,27.97338066900005],[85.185012502,27.97357115400007],[85.18541562900009,27.973899320000044],[85.18605215700018,27.974478091000037],[85.18649765300006,27.974844252000082],[85.187048817,27.975401213000055],[85.1873672690001,27.97565338300012],[85.18781370300007,27.975981111000067],[85.18813340800017,27.976118228000132],[85.18839006000007,27.97617691500011],[85.18929006400009,27.976221053000188],[85.19038667200005,27.976001715000166],[85.19122381500011,27.975931299000024],[85.19193103200013,27.975956809000024],[85.19309206800011,27.975755034000088],[85.19373517200017,27.975778730000116],[85.19418460900016,27.97586060600014],[85.19450625400003,27.97588029700006],[85.19495713300012,27.975808686000107],[85.19528009400011,27.975715700000023],[85.19586164499998,27.97545342000018],[85.19644276100013,27.975267948000123],[85.19689420300017,27.975194087000148],[85.19740882200006,27.975198595000165],[85.19779401900018,27.97527646900005],[85.1979013780001,27.97527778400007],[85.19822308500017,27.975299788000086],[85.19918745600012,27.975363611000148],[85.19957290400004,27.975405364000153],[85.20079668200003,27.975261585000055],[85.20137654600006,27.975191101000064],[85.20202033400005,27.975158365000027],[85.20238541200001,27.975141685000096],[85.20247115100011,27.97514087400009],[85.20305013600017,27.97516519400017],[85.20375785400006,27.975170269000103],[85.20420810700011,27.975155028000188],[85.20446582200003,27.97513928500007],[85.205497127,27.97499269000008],[85.20597600300005,27.974873334000165],[85.20601275000013,27.97486402300018],[85.206336583,27.974732603000177],[85.20678934000011,27.974602247],[85.20730627100016,27.974530075000075],[85.20813823400016,27.974587304000124],[85.20820771300009,27.974592084000165],[85.20853129600016,27.97449903600011],[85.20867599200005,27.97441059900018],[85.20911554200018,27.974141953000128],[85.20943906300005,27.97399022200011],[85.20976222100012,27.97394506500018],[85.20995599700018,27.97391798700005],[85.21014890800006,27.973956925000095],[85.21047092800006,27.97395861700005],[85.21081638400005,27.97382919800009],[85.21120558700017,27.973582164000106],[85.21151118000017,27.973184705000165],[85.2115573700001,27.97314139500014],[85.21181477100015,27.972900048000156],[85.21213816900007,27.97278887599998],[85.21233170500011,27.972771382000133],[85.21258960800003,27.97277363600017],[85.21271903000007,27.972754452000174],[85.21284794899998,27.972755579000193],[85.21329864000006,27.972835080000095],[85.21353828100013,27.9729595660001],[85.21400328800013,27.973201121000102],[85.21468800200012,27.973472482999966],[85.215288106,27.973629605000042],[85.21586565100012,27.973861407000186],[85.21631608800016,27.973979217000192],[85.21657280200009,27.974094273000105],[85.2168716320001,27.974287886000013],[85.21740273800003,27.974804286000108],[85.21810738500017,27.975267256000052],[85.21900694800007,27.975500687000135],[85.21958724600012,27.975524883000162],[85.21984533600016,27.975488767000172],[85.22021229100005,27.97535684600018],[85.22071054500003,27.974978015000033],[85.22088521600006,27.974694418000126],[85.22118949400016,27.97440976100006],[85.22138447300006,27.97423884200009],[85.22157907300016,27.97414691600011],[85.22196708700011,27.9740148730001],[85.22218126200016,27.973953220000055],[85.22229054700006,27.973921761000042],[85.2228064150001,27.973926208000137],[85.22312830900006,27.97396621000007],[85.22324863500012,27.974014595000085],[85.22332040700019,27.97404345500013],[85.22389876400013,27.974236823000183],[85.22396312800015,27.974256572000115],[85.2244991180001,27.97435557200015],[85.22507891600009,27.97439776700014],[85.22591586400006,27.974536956000065],[85.22643041900011,27.974595521000026],[85.22694610100012,27.974638276000064],[85.22778530500011,27.97452930100019],[85.22819418800009,27.97445569000007],[85.22871068300014,27.97440145400003],[85.22890422100016,27.974383957999976],[85.22948608400009,27.974216295000076],[85.23013256600007,27.974030073000108],[85.23041607300019,27.97394846000003],[85.23052070400007,27.973918340000182],[85.23084485200002,27.97376654700014],[85.23129904700005,27.973485017000144],[85.23162319500005,27.9733332240001],[85.23194671900018,27.97318368100008],[85.23233485700013,27.973071948000154],[85.23265712600005,27.973091576000172],[85.23289390900004,27.97301727500013],[85.233603314,27.973004163000155],[85.23398832300018,27.973122534000083],[85.23437207800004,27.973412326000073],[85.23481894800005,27.973816611000018],[85.23495482400011,27.973906581],[85.23513833900012,27.974028097000144],[85.23571625700015,27.97424396300005],[85.23622981000011,27.974437891000093],[85.23700421100011,27.97432941500017],[85.23777842100003,27.974261496000167],[85.23881116300004,27.974078531000032],[85.23926385500005,27.973948113000063],[85.24044814100017,27.973689219000164],[85.24070610899997,27.973635103000106],[85.24128634400012,27.973659173000158],[85.24193219900019,27.973531509000054],[85.24257780400006,27.973383595000087],[85.24294450700012,27.97323361500014],[85.24326784100003,27.973122443000136],[85.24382789500004,27.97299327600001],[85.244151042,27.97291816400002],[85.24445256700017,27.972845550000045],[85.24471046800011,27.972847681000133],[85.24595668100011,27.97278002000013],[85.24694642700013,27.97267404700017],[85.24743348900012,27.972604247999982],[85.24763671200014,27.972600190000037],[85.24791104900015,27.97259538200018],[85.24849616500006,27.9723780380001],[85.24895242200012,27.97211669300009],[85.24934074800007,27.97202745800007],[85.24953703500006,27.971917409000127],[85.24999123000009,27.971753119000027],[85.25083406000016,27.971519841000088],[85.25109284000007,27.971485911000116],[85.25148166600013,27.971376365000083],[85.25180455999998,27.97134406100008],[85.25202979900007,27.97132332600006],[85.2523210540001,27.97129651200015],[85.25309201400012,27.971386518000145],[85.25315656900005,27.971370145000094],[85.2534129070001,27.971451267000077],[85.25343243900011,27.971467585000028],[85.25362393700016,27.9716275670001],[85.25393488700013,27.972150339],[85.2541331540001,27.972920023000086],[85.2544187260001,27.973614465000026],[85.2545227710001,27.97376920400012],[85.25470730100011,27.97417585700009],[85.25489583300009,27.974388341000065],[85.25508649400012,27.974506209000083],[85.25521466300017,27.974547958000073],[85.25536464300012,27.97455108500003],[85.25551725100013,27.974457222000183],[85.2557820340001,27.97411863100018],[85.25591846300011,27.97377453900009],[85.25596789900015,27.973489815000164],[85.25610363800007,27.973145662000036],[85.25628943900011,27.972516846000076],[85.25651529600003,27.972004958000127],[85.25661242500018,27.971864132000064],[85.25680339100018,27.971587250000027],[85.25713172900015,27.97130678100001],[85.25726171400015,27.971233416000075],[85.25760585600005,27.971219047000034],[85.25786213300017,27.971300107],[85.25817620900006,27.971651393000116],[85.258279878,27.971826442000122],[85.25847447800015,27.97179082400004],[85.25860239900015,27.971812199000112],[85.25885873900006,27.971893258000136],[85.25911232400017,27.97207149700006],[85.259240493,27.97211087000005],[85.25949777200009,27.972115312000028],[85.25965000400004,27.972041759000092],[85.25984729400005,27.97185496700007],[85.25997752700005,27.971799537000095],[85.26026103200019,27.97180391400002],[85.2606217550001,27.971809483000072],[85.26094483900016,27.97173887100007],[85.26122736700012,27.97160995000013],[85.26142421900005,27.971441219000155],[85.26156058400005,27.971099314000185],[85.26156815600012,27.97105427700012],[85.26163427000012,27.97066098000016],[85.26181075400012,27.970433815000092],[85.2620712210001,27.970323142000098],[85.26258809100005,27.97025521900008],[85.26297685400016,27.970147861000044],[85.26310534500004,27.97009109300018],[85.26351916300018,27.96990826600006],[85.2644342420001,27.96929308700004],[85.26460383400013,27.969140516000095],[85.265353888,27.968465740000056],[85.26587613800007,27.9681495910001],[85.26652449400007,27.967969930000095],[85.26697975000008,27.9677875160001],[85.26732638400017,27.96769184800013],[85.26736851300018,27.96768022000009],[85.26740460700012,27.967661083000166],[85.2686285480001,27.967012114000056],[85.2688895170001,27.966845009000167],[85.2692116610001,27.96685107600007],[85.26946837700018,27.966911887000037],[85.26951468600004,27.96694065600019],[85.26972240000015,27.96706969100012],[85.27044536000011,27.967408173000024],[85.27076625500013,27.967472922000184],[85.2709390440001,27.967417180000155],[85.27107046700007,27.967305381000074],[85.27133024700004,27.967194707000147],[85.27204234400011,27.96703473400015],[85.27230318900007,27.966905937000035],[85.2724975380001,27.96685225800013],[85.27282331000004,27.966684653000016],[85.27393524200005,27.96590055500019],[85.27426101400016,27.96573288900015],[85.27428738800006,27.965721191000057],[85.27463003300005,27.965569223000102],[85.27475920500007,27.96553204000014],[85.27534381900011,27.96533256800018],[85.2756685280001,27.96518521200005],[85.27605785400016,27.965075540000043],[85.27618621300019,27.965078917000028],[85.27669770200015,27.96526141100003],[85.27697278599999,27.96547539500017],[85.27716144500005,27.965690192000068],[85.27750793100012,27.96618962500014],[85.27757818900011,27.966290896000032],[85.27776522000005,27.966582435000134],[85.27792981600015,27.96691028300006],[85.27809760200017,27.96708689500008],[85.278413618,27.96737950000005],[85.27862464800006,27.96755573700017],[85.27887892100006,27.96773160100014],[85.279083378,27.967844393000064],[85.27934554200004,27.967989024000076],[85.27964162300009,27.968205008000155],[85.27983028000017,27.968419806000156],[85.27999462700018,27.968727344000058],[85.28001293500012,27.968880580000075],[85.27998805900017,27.969034191000105],[85.27980188500004,27.96945059000018],[85.27978445200011,27.96948958400003],[85.27977950800005,27.96971737500013],[85.280077446,27.970792910000057],[85.28025847300017,27.97133261400012],[85.28029996500004,27.971408921000148],[85.28037863500015,27.971717269000067],[85.280370441,27.972098610000103],[85.2805101620001,27.97257775700001],[85.28067657300011,27.972792804000164],[85.28099340100005,27.973044849000132],[85.28115466100007,27.973186158000033],[85.28139321400016,27.97339519900015],[85.28145658099999,27.97343513400017],[85.2819791230001,27.974055212000167],[85.28230844100017,27.974672537000174],[85.28242922900017,27.975057130000096],[85.28251144100005,27.975223659000108],[85.28255226900006,27.975306360000104],[85.28270866100002,27.975477951000187],[85.28278267100012,27.975559154000052],[85.28312043400007,27.975813137000046],[85.28356167800018,27.9762218570001],[85.28362422900011,27.976300227000024],[85.28382856700017,27.97676075200019],[85.28424712700013,27.97724640300015],[85.28428730700011,27.977361080000094],[85.28439354500017,27.977503015000025],[85.28443315900006,27.97755594000006],[85.28447077800007,27.977590714000087],[85.28500094700019,27.978080778000162],[85.28563441400007,27.97856887000006],[85.28616308600016,27.97890241200008],[85.28650047300005,27.979174393000164],[85.28729459600015,27.980143758000168],[85.28770734000017,27.98087751200012],[85.28804607200016,27.98135720800019],[85.28814414300018,27.981496088000142],[85.2885218940001,27.98190305900016],[85.28904819200011,27.98235159],[85.28929821500009,27.982595135],[85.28944794100005,27.98274037400006],[85.28980657500006,27.983091162000107],[85.29004091600018,27.98319047000018],[85.290192585,27.98317553700008],[85.29052016800006,27.9829897460001],[85.29086693900007,27.982880449000163],[85.29130219600006,27.98267784900014],[85.29137982200012,27.982656338000027],[85.29201835700007,27.98247938100002],[85.29294661000006,27.982382654000105],[85.29352740700006,27.98244940800015],[85.2939129780001,27.982551781000154],[85.29416870100005,27.982638295000015],[85.2952818490001,27.983014889000117],[85.29573428900005,27.983024146000105],[85.29638458100004,27.982844360000115],[85.2967426560001,27.982780092000155],[85.29696844400013,27.982739567000067],[85.29800105500004,27.982815578000043],[85.29839006800017,27.98278252500006],[85.29877526300015,27.982905271000106],[85.29909434200016,27.983082697000043],[85.29922257400011,27.983122072000185],[85.29964726200006,27.983418115000063],[85.29990341100006,27.98353529600007],[85.30049813700003,27.983910835000188],[85.30055978700017,27.983978766000178],[85.30060368500011,27.984027139000034],[85.30100618600011,27.984321120000118],[85.30141131600004,27.984518109000135],[85.30159738800018,27.98454887000014],[85.30166915600006,27.984560735000116],[85.30211871800014,27.984703105000165],[85.30243867100006,27.984842223000157],[85.30296796800002,27.98527256800014],[85.30326552900004,27.98548229000005],[85.303413277,27.985586422000154],[85.30454073600015,27.98625700700012],[85.30531031600003,27.98653618300017],[85.30595047499997,27.986834667000153],[85.30757699800017,27.98732221299997],[85.3077066680001,27.987325528000156],[85.30860604300017,27.98756958400014],[85.30918305800003,27.987632989000133],[85.30922946000015,27.98763808900003],[85.30935869300009,27.987659464000103],[85.30980994300012,27.98772509100013],[85.31013115000013,27.987807777],[85.31219480800019,27.98803397900008],[85.31245383600009,27.988020173000166],[85.31309924900012,27.98806818000014],[85.31355012600005,27.98815411700008],[85.31387252000007,27.988178120000043],[85.31464247400004,27.988439173000017],[85.31496474300013,27.988503798000124],[85.31534993900004,27.98862416800017],[85.31605471400013,27.98890390600019],[85.31623066400016,27.988940331000094],[85.31676299300005,27.9890505300001],[85.31721355600013,27.98911615700007],[85.31738559500008,27.98915740600006],[85.31764281000011,27.989200032000042],[85.31790102400015,27.9892245960001],[85.31843989000015,27.989232979000178],[85.31888970400007,27.989336916000127],[85.31966678900017,27.98929337100003],[85.32038163600004,27.989094776000172],[85.32089906900012,27.989064975000133],[85.321221713,27.989109289000055],[85.32180620100007,27.988945751000188],[85.32206754300017,27.988816892000102],[85.32296262500017,27.988239834000126],[85.32318670600017,27.98804823500018],[85.32335751700015,27.98790218400012],[85.32364417400015,27.987599404000093],[85.32429934600003,27.98715095400013],[85.32462524400017,27.987041846000125],[85.3249477,27.987067974000183],[85.32552549400003,27.98724965600013],[85.32668327400012,27.98747984200014],[85.32700410200016,27.987580588000128],[85.3271125660001,27.987633892000133],[85.32732368200016,27.98773764300006],[85.32770843999998,27.987878261000162],[85.32822230600004,27.988022195000156],[85.32847851900004,27.98814156399999],[85.32923021100004,27.988392016000148],[85.32950493900006,27.988483551000172],[85.32988707000015,27.988718911000092],[85.33020758900011,27.988839906000067],[85.33041930700006,27.98901608100016],[85.33095872600018,27.989380807000146],[85.33114132399999,27.989505362000045],[85.33154232500004,27.989873711000087],[85.33189845600015,27.990319177000174],[85.33208973600011,27.99078789800012],[85.33210291800015,27.99082019900004],[85.332240636,27.991434708000156],[85.33234324200015,27.99166606400013],[85.33272105800017,27.992111344000023],[85.33318248300003,27.992693361000136],[85.33334983200012,27.992924093000056],[85.3333581600001,27.992939659000058],[85.33363921800009,27.993464924000136],[85.3338829710001,27.994158725000034],[85.33396384300005,27.99438891000017],[85.33430202000005,27.995694050000168],[85.33439661900013,27.996306684000047],[85.33451759400009,27.996691339000165],[85.33459926600011,27.996922820000066],[85.33516820200015,27.997874536000097],[85.33522272300013,27.997965736000026],[85.33546949200019,27.998504755000113],[85.33571075300017,27.999312249000127],[85.33580735400005,27.999830142000064],[85.33586592000012,28.000066275000165],[85.33588883600004,28.00015867600007],[85.33592174600011,28.000229363000187],[85.33616172500018,28.000744816000065],[85.3363133950001,28.00133566000011],[85.33654757700015,28.00224793700005],[85.33712557100017,28.00318878600018],[85.33728732800012,28.003452093000192],[85.33761344500004,28.004097029000093],[85.33781629900011,28.004498195000053],[85.33799149800012,28.004729016000056],[85.33802364000013,28.004771361999985],[85.33901772700005,28.00613544400005],[85.33968299700018,28.006954631999974],[85.340432239,28.00817843300007],[85.34058771800017,28.008432390000053],[85.34092104100012,28.0088238620001],[85.34192413500017,28.009881096000186],[85.34251767300009,28.010240761000034],[85.34383229400004,28.010999404000188],[85.34451301000007,28.011322075000123],[85.34554199300004,28.011539822000145],[85.34640312900007,28.011599082000032],[85.34787027300013,28.011376059000156],[85.3490047900001,28.011203599999988],[85.35021325600007,28.01119399700019],[85.35085995200012,28.01131837200012],[85.35158594300009,28.011457997000036],[85.35244995500017,28.01144045100017],[85.35296513300011,28.011530139000115],[85.35369863200015,28.01154849300002],[85.35399987000005,28.011556030000065],[85.35485962900003,28.011653598000123],[85.357596811,28.012486071000183],[85.35878776500016,28.013051729000097],[85.35924324700017,28.013371406000147],[85.35929487800013,28.01340764300005],[85.35950228100012,28.013680810000153],[85.3605597500001,28.014394451000157],[85.36170746000005,28.014958295999975],[85.3635316330001,28.01599817200008],[85.36506704000004,28.016610081000124],[85.36609569300015,28.016942586000027],[85.36711844100006,28.017273182000054],[85.36762786800017,28.017552353000156],[85.36910252100006,28.018737772000065],[85.36960381700015,28.01928541899997],[85.37023122000011,28.019951370000115],[85.37056110300011,28.020457893000184],[85.37061811600012,28.020685658000104],[85.37079205300006,28.021380502000056],[85.37099732900015,28.021730349000165],[85.37159099200016,28.02208982700006],[85.37244193300012,28.022494180000024],[85.37261916000017,28.02253749300013],[85.37278432400012,28.022578742000064],[85.37365496300015,28.02233090400017],[85.37411796900011,28.022266018000153],[85.37434831100012,28.022233737000022],[85.37504534800019,28.022021456000175],[85.37556059100007,28.022111145000054],[85.37641378200004,28.022436379000112],[85.37726178300016,28.02295572300011],[85.37821947800006,28.0238764610001],[85.37877117600004,28.024406870000178],[85.38012284900009,28.025397116000022],[85.3821606790001,28.026518051000153],[85.382710138,28.026767219000135],[85.38403428800018,28.027367695000123],[85.38549146700018,28.028202347000047],[85.38619760000012,28.02860680900011],[85.38670930700005,28.028827633000105],[85.388240746,28.029488515000082],[85.38971959100007,28.03047288900018],[85.39025925400006,28.031171211000014],[85.39054676700016,28.03163523800015],[85.39091789300011,28.032177382000043],[85.39112542300006,28.032448238000086],[85.39144536300006,28.033257108000043],[85.3914190860001,28.034120844000086],[85.39140246200014,28.034667355000124],[85.39159335600016,28.0354730360001],[85.39175701599999,28.035742077000066],[85.39255477000012,28.036446778000027],[85.3937000410001,28.03708030400003],[85.39454547900004,28.03763345600015],[85.39518263800011,28.03795181300012],[85.3959704780001,28.037585110000066],[85.39639821300005,28.037362059000145],[85.39667189400006,28.03721934300006],[85.39693723900007,28.036995555000033],[85.39728682200013,28.036849887000074],[85.39901321700006,28.036809732],[85.39969724800011,28.037014852000084],[85.4004941340001,28.03752338900017],[85.40050087900005,28.03752769400006],[85.40095061500011,28.038339692000136],[85.40162738900017,28.03877266500018],[85.40214425900012,28.03878323600003],[85.402528196,28.03879102999997],[85.40266181400006,28.0387937430001],[85.40334296800012,28.03907547900019],[85.40384395200016,28.039620752000076],[85.40396286700013,28.03996697300005],[85.40390942900018,28.04030812900004],[85.40326616900006,28.041808200000048],[85.4032604190001,28.04182160700003],[85.40288713600006,28.04269164800013],[85.4025005950001,28.04405583100015],[85.40263755100011,28.04520260600009],[85.40288123500017,28.045836517],[85.40303747600007,28.046242956000185],[85.40349868600003,28.048083424000026],[85.40369983600016,28.048546074000114],[85.40376537500015,28.04923338900005],[85.40366512800011,28.04969009600012],[85.40364711800004,28.05026098100018],[85.40374864600011,28.051178026000116],[85.40386756200019,28.05152424700009],[85.40392248000012,28.052503405000095],[85.40395114200015,28.053014427999983],[85.40422139500004,28.054049340000176],[85.40471443700017,28.054860837000092],[85.4049624590001,28.055210186000124],[85.40555111700013,28.055781818000185],[85.40592562300003,28.056145493000145],[85.40647347900006,28.056577527],[85.40698246900007,28.056854261000183],[85.40798894000011,28.057791381000072],[85.4083212600001,28.05821885],[85.40949261399999,28.060105404000183],[85.40976026800013,28.060536479],[85.410182018,28.060850208000147],[85.41217554200011,28.06195989300005],[85.41268815600006,28.06212376200017],[85.41372058000007,28.06222145900017],[85.41427894500015,28.062136726000176],[85.41458728000003,28.062088423000034],[85.41545779699999,28.061765906000062],[85.41603116900018,28.061322454000162],[85.41615508200005,28.06126123400003],[85.41743024800007,28.06063122900008],[85.41831214600018,28.059967929000038],[85.41883208000002,28.05986563400006],[85.41969465400018,28.059809279000092],[85.42038337300005,28.059826977000114],[85.42243734300018,28.060259099000177],[85.42294494800018,28.060480637000012],[85.42388411800005,28.060890527000026],[85.4244770520001,28.06114930500013],[85.42544709500015,28.061820448000105],[85.42619947900005,28.06256383300007],[85.42681762600012,28.06349351000017],[85.42701884000007,28.063958346999982],[85.42752980000012,28.065572648000057],[85.42754796700007,28.066373265000152],[85.42765624900017,28.067062392000082],[85.42763548500005,28.067750580000165],[85.42730669800011,28.06865636800012],[85.4271369120001,28.068959134000124],[85.42644146700019,28.070199276999972],[85.42565059000003,28.072127090000095],[85.42559721500015,28.072468309000158],[85.42574427500006,28.07260561900017],[85.42651707400012,28.073327185000153],[85.42751403000005,28.075160356000026],[85.42786015300015,28.075796799000045],[85.428448935,28.07635520100007],[85.4305774230001,28.078373866],[85.431074593,28.078995756000154],[85.4314093540001,28.079308109000124],[85.43155680100011,28.07954032200007],[85.43165550200001,28.079695765000054],[85.43244856600012,28.08047477300005],[85.43274427200004,28.08067244700004],[85.43312746900006,28.080796943000053],[85.43367288200017,28.08080918700017],[85.43381562700017,28.08081239100005],[85.4345073500001,28.080712661000177],[85.43502103000014,28.080802037000126],[85.43570212300011,28.08104527800009],[85.43633415300019,28.08147856200003],[85.43725211300011,28.081972146],[85.43781550100016,28.082275080000045],[85.43901302300014,28.08253095200007],[85.44111985600011,28.082519542],[85.44168148400001,28.082516501000043],[85.44168339900011,28.082518703000062],[85.44170487700012,28.08254339700011],[85.44222196000015,28.083137891000092],[85.44242248800003,28.083485425000106],[85.4427140630001,28.083989885000108],[85.44335475200012,28.085726866000186],[85.44389210100007,28.086542303000044],[85.44413099100012,28.087236807000124],[85.44418624100007,28.088065922999988],[85.44419227500003,28.088156475000062],[85.44450470800001,28.08931262700014],[85.44467061700016,28.089545484000098],[85.44521741000005,28.090015701000027],[85.44580901000012,28.090413239000043],[85.44661702100012,28.090776907000134],[85.447103357,28.09082287900003],[85.44713213900008,28.090825599000084],[85.44850001300011,28.09116303100012],[85.45029588400013,28.091654389999974],[85.4514053580001,28.09195794700014],[85.45351734800005,28.092005926000127],[85.45553487100005,28.092051761000107],[85.45594006400012,28.092153509000184],[85.45604786200016,28.09217944500017],[85.45706659100017,28.092698729000176],[85.45833365400011,28.09356948599998],[85.45886649500005,28.09401373700007],[85.46144855700015,28.096166495000034],[85.46317535900005,28.097546651000187],[85.46360285100008,28.097885380000037],[85.4651135680001,28.09908242200015],[85.46604361900006,28.09971531900004],[85.46780878600015,28.101286709000192],[85.4697925530001,28.102747487999977],[85.47069931500016,28.103529099000127],[85.47088588800005,28.10368992200017],[85.47266337700012,28.104803228000094],[85.47334377900012,28.10512296200011],[85.47505398100003,28.105544454000153],[85.47574232700015,28.1055619010001],[85.47613651600017,28.105505570000105],[85.47712539800011,28.105364256000144],[85.48024932400011,28.105561620000117],[85.48090707799997,28.105603176000045],[85.48280464300007,28.105454097000063],[85.48487105400005,28.105463321000116],[85.48584995100015,28.105269498000155],[85.48677506100012,28.105086325000173],[85.48849170500006,28.105277463000164],[85.48912604800006,28.105712685000128],[85.48932407100017,28.10632863300009],[85.48947165400006,28.107251866000183],[85.48945032800003,28.10805510500012],[85.48935458200015,28.108396760000062],[85.48932043300005,28.10965808400016],[85.48920925800019,28.10993251700006],[85.48913594900006,28.110113478000187],[85.4888215420001,28.11060411500017],[85.48872642200018,28.110945770000114],[85.48866816700007,28.11151709300003],[85.48878457800004,28.111980491],[85.48911314700013,28.1125611330001],[85.4905402390001,28.113932909000084],[85.49061928000015,28.113995079000063],[85.49134074500006,28.11456255400003],[85.49233651900005,28.11596150800017],[85.49336277800012,28.11782254700006],[85.49349963800006,28.118219108000062],[85.49404139600011,28.119788882000137],[85.49445013400003,28.120601005000083],[85.49464965900012,28.121180830000185],[85.49474535400009,28.121336124000038],[85.49510389400012,28.121917960000076],[85.49522318400005,28.12226405600012],[85.49518915900018,28.12352538],[85.4949556740001,28.12420912700003],[85.49480167600018,28.125124355000082],[85.49478805100017,28.12514929000008],[85.49418041100017,28.126193885000077],[85.493177016,28.127918825000165],[85.49268516000018,28.12913069000018],[85.49234664200009,28.12996475200009],[85.49185631200015,28.13090658900012],[85.49175613400007,28.131099015000075],[85.49129541900004,28.132236405000185],[85.49122568900015,28.132502016000046],[85.49105549300009,28.13315031900015],[85.49093513900004,28.13338996800013],[85.49082770100006,28.13360389899998],[85.49068232600018,28.134305392000044],[85.490435424,28.13549679100015],[85.49028327700012,28.136230966000028],[85.49026764100006,28.136804039000083],[85.4901505680001,28.137948996999967],[85.49021866900011,28.138640749000047],[85.49102861800009,28.13892517500011],[85.49132437700013,28.1391109220001],[85.49153691900011,28.13924440600016],[85.4930573800001,28.14034895700013],[85.49432881900003,28.14110428600003],[85.49491797900009,28.141616689000045],[85.49508770500012,28.14169593500003],[85.49592469900006,28.142595994000146],[85.49603127400013,28.14279680500016],[85.49617103200012,28.143060144],[85.49662889500007,28.143643912000186],[85.49709319900012,28.143999763000068],[85.49760018100017,28.144646089000048],[85.49775642000003,28.144793025000126],[85.49814622200012,28.145159614000193],[85.49984975000001,28.147754286000122],[85.50032149000015,28.148661136000158],[85.50045514400006,28.14891806700001],[85.50145423000009,28.15034108300017],[85.50278408200018,28.151819474000035],[85.50316727700016,28.15206058300015],[85.50499320600017,28.152399854000066],[85.50724309300006,28.152817899000127],[85.50991467500012,28.15291462400006],[85.51126117100017,28.153454850000173],[85.51238401700016,28.153649727000186],[85.51273372300017,28.15378868600004],[85.5133645030001,28.154039335000107],[85.514475291,28.154231836000122],[85.51656032000011,28.15433655900017],[85.5168800300001,28.154352617000086],[85.51725457900011,28.15445536900006],[85.51821528100004,28.15471892100004],[85.51851648900009,28.154726582000023],[85.5192972000001,28.154746438000075],[85.5205726480001,28.155159486000173],[85.5208643520001,28.155435591000185],[85.52095930700006,28.15559876000009],[85.52113911800006,28.155907741000135],[85.52148575500007,28.15612804000017],[85.52168810100011,28.156173101000093],[85.52222159100006,28.15629160000003],[85.52321600600015,28.156920373000105],[85.52415062600005,28.157183116000056],[85.52555993800013,28.15730206800015],[85.525871129,28.15726362000015],[85.52614761100017,28.157229460000167],[85.52672140800013,28.157332586000166],[85.52716055400003,28.157758956000123],[85.52921309600003,28.159751776000178],[85.53033466200014,28.160840709000126],[85.53143304400004,28.162341219000098],[85.53218791600017,28.163637304000133],[85.53250483500017,28.16538665200011],[85.5325027400001,28.165458491000095],[85.53247794300006,28.166308943000104],[85.53284705800019,28.16740010100017],[85.53433987100016,28.16727955600004],[85.53462282400017,28.16725670800008],[85.5350888210001,28.16738351700019],[85.53644232500017,28.16761895800005],[85.53781576600005,28.1676518540001],[85.53975463800009,28.167467217000024],[85.54147490300005,28.16777878200014],[85.54381834300011,28.167776636000156],[85.54471609300015,28.167998194000177],[85.54577876200005,28.168070393],[85.54661719600017,28.16831047800008],[85.54733342200007,28.16851556900008],[85.54802369200019,28.168368193000163],[85.54806864000017,28.168358596000132],[85.54997232700003,28.168261513000175],[85.55097601200004,28.16799018000006],[85.5520738680001,28.167907019000154],[85.55358012500011,28.168184420000102],[85.55375001400006,28.16821570900015],[85.5544074880001,28.16823178100003],[85.55606883900015,28.167843158000153],[85.55785743500019,28.16695526900014],[85.5591169710001,28.165987940000093],[85.5609635130001,28.164569788000165],[85.56382292100011,28.16291929800002],[85.56751970600016,28.161751218],[85.56844096300011,28.161569126000074],[85.56884475600003,28.16165201399997],[85.56951756500018,28.161790126000028],[85.57050343900005,28.16158166200006],[85.57150550699998,28.16096960900012],[85.57234230000006,28.160067066000124],[85.57260551200017,28.15978317200006],[85.57351222000005,28.159088875000123],[85.5746751590001,28.157738517000098],[85.5758048450001,28.156683320000127],[85.57663396500016,28.15695163200013],[85.57744680300004,28.157214676000024],[85.57840979800005,28.157335182000054],[85.57882174700012,28.15719738900009],[85.5792517000001,28.156703315000073],[85.58021521600006,28.155896718000065],[85.58231109100018,28.154612370000166],[85.58297085900006,28.15408377200015],[85.58385097700005,28.15337863300016],[85.58535465000006,28.15351145900013],[85.58569938700003,28.153600343],[85.58740511600007,28.154040136000106],[85.58828260500007,28.15384083700019],[85.58892523300017,28.153694881000035],[85.59045913600016,28.154418453],[85.59103230700003,28.15468882900018],[85.59382666100015,28.155825089000075],[85.59404309300015,28.15587077600003],[85.59519691100019,28.15611433700019],[85.59605529600009,28.156136725000067],[85.59667102000003,28.156397900000115],[85.59770880100001,28.157324335000112],[85.59805112800018,28.15751325500014],[85.59870003200007,28.157871365000062],[85.59964528000012,28.157948687999976],[85.60047535000007,28.158236927000132],[85.60093778900006,28.158248308999987],[85.60150134300011,28.158044337000035],[85.60295409400015,28.156952620000027],[85.60395733700011,28.15619870100005],[85.60494256900012,28.15545831700007],[85.60581142000012,28.15443403400019],[85.60617187500003,28.15400909300007],[85.60713127899999,28.152640608000127],[85.60915528200007,28.151731788000063],[85.61000915199998,28.151725275000103],[85.61055297100012,28.151721127000144],[85.61131562500003,28.15151684600005],[85.61289712800004,28.15042303400014],[85.61319272500009,28.14987565100006],[85.61349171,28.148793628000135],[85.61349269400012,28.148780948000137],[85.6136916150001,28.146217363000062],[85.614350548,28.14539169900013],[85.61487638200003,28.144473092000055],[85.61552143699998,28.14334621500018],[85.61546976500017,28.1430096200001],[85.61476545300019,28.141662446],[85.61451418100017,28.141181829000118],[85.61419007000006,28.13979344800009],[85.61416154200003,28.138401447000092],[85.61421767600007,28.138001553000095],[85.61435979600009,28.136989077000123],[85.61434666600007,28.13635016800015],[85.61433220700019,28.13564663400018],[85.61483611200003,28.134054662000096],[85.61639224900011,28.132667251000157],[85.61771258600004,28.13212338600016],[85.61798582000006,28.132063432000166],[85.61907872600011,28.13182362400005],[85.62061439800016,28.131748908000077],[85.62154115600009,28.131433390000097],[85.62280687800018,28.130780658000106],[85.62382912800001,28.13040746000013],[85.62488867700006,28.129817493000076],[85.62548467900012,28.12948563500015],[85.62708522200012,28.129212999000117],[85.62757265400018,28.129296813000167],[85.62779000200004,28.12942806400008],[85.62806258300009,28.12959266900009],[85.62926816500004,28.129983719000165],[85.63064516700007,28.129855839000015],[85.63130746100018,28.129794334],[85.63200442800019,28.129914086000156],[85.63247654500009,28.130284185000107],[85.63269244700018,28.130590913000106],[85.63295837800007,28.13137549900017],[85.6333598760001,28.13256006000006],[85.63371637600011,28.13324263000004],[85.63459622400006,28.134109096000145],[85.63490575499998,28.134413921000032],[85.635551024,28.135329413000136],[85.63528429400014,28.136500323],[85.63519059900011,28.136911639000118],[85.63521357100007,28.138012665000076],[85.63604685600018,28.139049604000036],[85.63651098800005,28.13962717000004],[85.63670998800018,28.140213711000115],[85.63678974400017,28.14044878800013],[85.637466136,28.141267601000095],[85.63779664300012,28.141567924000185],[85.63930591700012,28.14293935900008],[85.64014328600018,28.143623223000134],[85.64147284000006,28.144709050000188],[85.64236358700015,28.14513296600012],[85.64413490000004,28.145218236000062],[85.64436875700011,28.145229492999988],[85.64704782700011,28.145720684000082],[85.6483420190001,28.146218537000152],[85.64896292500009,28.146804308000185],[85.64942747000009,28.147560061000092],[85.64988538500006,28.14890914900019],[85.65035703600012,28.150298706000115],[85.65074896800019,28.151087580000024],[85.65155791000018,28.151573676000112],[85.65249034300012,28.15193259700004],[85.65280376600003,28.151940422000052],[85.65427897800004,28.15197725000013],[85.65528220300018,28.152754073000153],[85.65765213800006,28.153557458000137],[85.65855761800003,28.153864407000185],[85.66019679900006,28.153985108000143],[85.66021808300019,28.15398667500017],[85.66022074400018,28.15398726800015],[85.66124412900018,28.154215485000122],[85.66217788100016,28.154213377000133],[85.66310268500013,28.15404500300002],[85.66454163900016,28.153783020000105],[85.66594194800012,28.15402902200003],[85.66949926000012,28.155302034000044],[85.66994273700016,28.15553116000018],[85.67097211000015,28.156062991000056],[85.6717123900001,28.156304504000047],[85.67193416300006,28.156376855000076],[85.67262185900012,28.156696414000123],[85.673947,28.157312182000112],[85.67716905300011,28.158157663000168],[85.68130645400004,28.157633658000066],[85.68161348100017,28.157451617000163],[85.68197687200012,28.156918752000024],[85.68203531200015,28.15683305600004],[85.68329372900007,28.15593609600012],[85.68388446500012,28.155865050000102],[85.68495669200013,28.156121234000125],[85.686020552,28.15599388900017],[85.68624876300015,28.156068675000142],[85.68630413900013,28.156086823000066],[85.6869488640001,28.15610427100006],[85.68724696300018,28.156082767000044],[85.68843942100006,28.15599674500004],[85.69016199300012,28.15648466800019],[85.69035495200018,28.15656912100019],[85.69336028700008,28.157884474000184],[85.69430978100013,28.158137219000082],[85.69626514900006,28.158458410000094],[85.69637968600006,28.158477225000127],[85.69804195400008,28.15896221100013],[85.69860493400012,28.159317252000108],[85.69951897500016,28.160451541000043],[85.69980149100013,28.160992136000118],[85.69982467100004,28.161036493000154],[85.70173462100018,28.16317046200004],[85.70228909900004,28.163626930000135],[85.70327989800006,28.163949856000045],[85.70382245399998,28.163806067000166],[85.70511104700012,28.163202456000192],[85.70567175600007,28.162888070000122],[85.70714867800007,28.162059969000097],[85.70986169800017,28.16182385200017],[85.71222688000012,28.16201756300012],[85.71299214600003,28.16230448800013],[85.71315668100004,28.16253840800016],[85.71323741000009,28.165816802000165],[85.71287795300009,28.167339272000163],[85.7128717970001,28.16736534500012],[85.71238152300003,28.168581164000102],[85.71246855400005,28.16952483199998],[85.71289648800013,28.169928178000134],[85.71313119100006,28.170573312000045],[85.71354637800005,28.17087266800013],[85.71433649600004,28.171403353000073],[85.71590347000006,28.172455817000127],[85.718256408,28.173593121000067],[85.71912544400016,28.17401317300005],[85.71975548400007,28.174122861000058],[85.7227367810001,28.17382581600009],[85.7233658290001,28.173565537000115],[85.72356574500014,28.17334181200016],[85.72398588900006,28.17180159300017],[85.72440539100012,28.170263727000133],[85.72524410500006,28.169680482000103],[85.72756436200012,28.169627653000077],[85.72875047400004,28.169986342000186],[85.73038084300003,28.17047937700005],[85.73063256000012,28.17045013400019],[85.73290743700016,28.170872761000055],[85.73351577900007,28.17094275000011],[85.73659581400005,28.171297102000096],[85.73676244000018,28.171407294000176],[85.73761285,28.171969684000146],[85.738300885,28.171985070000176],[85.73925120200005,28.171729859000095],[85.740706542,28.171598970000048],[85.74243722400007,28.171443316000136],[85.74312437900016,28.171562443000084],[85.74396601100017,28.171919801000172],[85.74498729400017,28.172877281000183],[85.74527574600006,28.173147714000095],[85.74573501500015,28.17333142800004],[85.746279728,28.173549321],[85.74671396300016,28.173907544000087],[85.74751585500007,28.17456906400008],[85.74756591000005,28.174585314000183],[85.74957269200013,28.175208231000113],[85.75062826400011,28.175104122000164],[85.75151950200012,28.175016220000145],[85.75291932400012,28.174656716000072],[85.75477763900011,28.174716492000016],[85.75908879400004,28.17570760500007],[85.76255083800015,28.175553993000165],[85.76422450899997,28.17612177800015],[85.76452499900017,28.17622371900012],[85.76651854500011,28.176340931000084],[85.76806723100015,28.17581309000019],[85.7685561030001,28.17564646700015],[85.77151541100017,28.17506850900014],[85.77217117300006,28.1751748100001],[85.7734154640001,28.17537651500004],[85.774963507,28.175494158000106],[85.77638952300003,28.17505597900015],[85.77670416300015,28.174959299000136],[85.77831821500013,28.17428332600008],[85.77855862000018,28.174351011000113],[85.77866548200018,28.174302330000046],[85.77907997600016,28.17484291400018],[85.77953864100004,28.17589820300003],[85.77986979700006,28.176957940000023],[85.78021725200011,28.178069832],[85.78324391700016,28.179557727000144],[85.78545400400014,28.180644195000127],[85.78721781000007,28.181511274],[85.78989691400005,28.182491678000133],[85.79080580300001,28.182824282000126],[85.79215960900012,28.183476872000142],[85.79358221000018,28.18452036700006],[85.79392596600019,28.184967770000185],[85.79395296000013,28.18522238000014],[85.79399275500009,28.18559771500003],[85.79351022300017,28.187077762000172],[85.79344896300006,28.18783300600012],[85.79356300500007,28.188127232000113],[85.79415054800012,28.18829485100008],[85.79733549100013,28.18873568100014],[85.79746507300018,28.188791567000123],[85.79783210900018,28.18894985800017],[85.79846857600018,28.189411016000122],[85.79906715900006,28.190499179000028],[85.79956542700006,28.19227652899997],[85.79958615400011,28.1925546330001],[85.79963071200007,28.193152451000174],[85.79984563000005,28.19413460700008],[85.80000955800011,28.19488374100007],[85.80010464200018,28.196170314000028],[85.79991635400006,28.196326867000096],[85.79989516600006,28.19634448200003],[85.7998129390001,28.196525198000074],[85.7990752340001,28.198146494000127],[85.79786812300011,28.199013394000076],[85.796873994,28.199321108000106],[85.79579169800019,28.199656112000127],[85.79445217,28.200354900000036],[85.79186969700015,28.20276739700006],[85.79084719700006,28.20372259700008],[85.790176717,28.204073053000116],[85.78926669700007,28.20403856400003],[85.78885858100006,28.20402309700006],[85.78781521300004,28.204189813000028],[85.7864995650001,28.204649561000053],[85.785626176,28.2048132810001],[85.78462061400012,28.20518329300012],[85.78420754000007,28.205432325000118],[85.78365090500012,28.20600251200017],[85.78350674100005,28.206150186000116],[85.78321956800005,28.207165027000144],[85.7825283250001,28.20810855500008],[85.78201645000013,28.20841983000014],[85.78178204099999,28.208489945000167],[85.78062332700006,28.208213387],[85.77883213000007,28.20808011700018],[85.77778402500013,28.208193184000038],[85.77709391800016,28.20826763100007],[85.77625914800018,28.208530842000073],[85.77606873100018,28.20878181700016],[85.77591825200005,28.209484772000167],[85.77588992200003,28.20961711299998],[85.77549627100007,28.210335480000026],[85.77533979300006,28.21045725200014],[85.77467661400016,28.21097334600006],[85.77452937900017,28.211242694000134],[85.77478194700006,28.212260045000164],[85.77520603500017,28.212943049000046],[85.77536366000015,28.213196908000157],[85.77582556800019,28.214617664000116],[85.77572899500012,28.215634134000027],[85.7754378940001,28.216233887000158],[85.77393392700009,28.218034075000105],[85.772050325,28.219810569000174],[85.77106080400011,28.220378073000063],[85.77017211200013,28.220887751000134],[85.76773877100015,28.222596054000178],[85.76647053500005,28.223915538000085],[85.76566478100017,28.2250866010001],[85.76520103500013,28.22576060000017],[85.76383868100004,28.22728900100003],[85.76333680500011,28.22751903400018],[85.76259984500007,28.22737478400012],[85.76178345200009,28.227383206000127],[85.76171368100006,28.227393646999985],[85.7585856770001,28.22786173100019],[85.75690306600006,28.228877360000126],[85.75607908000006,28.230284219000055],[85.75562496700007,28.23168424700009],[85.7549643370001,28.233720954000148],[85.75419304000019,28.23485533900009],[85.7536241030001,28.235373532000096],[85.75135695200015,28.236432447000027],[85.74944605000013,28.237324969000156],[85.74874100100016,28.238094513000078],[85.74819315100012,28.24021893700018],[85.74817802900014,28.2408258910001],[85.74810977400006,28.243565761000127],[85.74805538300012,28.244013986000027],[85.74796676500006,28.24474427700011],[85.74817261600015,28.246371019000094],[85.74831484300006,28.247494974000062],[85.7482752520001,28.249030836000145],[85.74804620800018,28.24961971600004],[85.74758966900015,28.250113367000097],[85.74756419600004,28.250140911000074],[85.74726210000011,28.250575553000147],[85.74696945000005,28.25131935800016],[85.74695162500007,28.251364665000096],[85.7454996400001,28.2536728070001],[85.74490464200011,28.254188818000046],[85.7448457750001,28.254239869000116],[85.74369114800004,28.255600477000087],[85.74291266100005,28.25683622700018],[85.74279230400009,28.25860211600019],[85.74273918800014,28.2593814330001],[85.74285287700008,28.26144424900008],[85.74235555700011,28.263826408000057],[85.74226064100009,28.26428104700011],[85.74222286700018,28.265600366000115],[85.74236961800011,28.26733864900018],[85.74270157600006,28.268539939000107],[85.74298767400012,28.2695752730001],[85.74303471400009,28.270293084000116],[85.74282377300017,28.27165583200008],[85.74254242100011,28.27234582800014],[85.741365658,28.2734675910001],[85.74130968300011,28.273520950000034],[85.74007837700003,28.274872120000055],[85.73932338800017,28.276049438000143],[85.73873203200009,28.278629071000125],[85.73878744300015,28.2798135970001],[85.73881142100015,28.280326170000137],[85.73841345900007,28.28377154000009],[85.738104416,28.284666517000176],[85.73775651500011,28.285103160000176],[85.73709751900009,28.285657103000062],[85.73662045700007,28.286058116000106],[85.7361185690001,28.286775293000062],[85.73598728399998,28.287062247000165],[85.73546593700013,28.28820177800003],[85.73429100400017,28.289287097000056],[85.733887928,28.289821927000048],[85.73306700600011,28.290911180000023],[85.732940079,28.291221274000122],[85.73291900200013,28.291951959000073],[85.73295644300015,28.292148960000134],[85.73310583000017,28.292934936000165],[85.73291786400006,28.293285342],[85.73262662200011,28.29382828399997],[85.73278946300019,28.29447272900012],[85.73409413700011,28.296195081000178],[85.7359041410001,28.298584540000036],[85.73623270700011,28.299334230000113],[85.73621431900006,28.299976922000155],[85.73600222400017,28.300255344000107],[85.73569556000018,28.300657913000123],[85.73549482600009,28.301089121000075],[85.73548725800003,28.301355222000154],[85.73615974700016,28.303459357000065],[85.73628588100007,28.30505534200006],[85.7358682260001,28.30607555600011],[85.73585409000015,28.306569447000186],[85.73595176000009,28.306852299000127],[85.73716713099998,28.30876605900005],[85.73753692900004,28.309348351999972],[85.73757129300003,28.309650951000094],[85.73742097400014,28.310779660000094],[85.7373475060001,28.310946142000034],[85.73658223100011,28.31268028600016],[85.73656703199998,28.313207989000034],[85.73700887100006,28.315052767999987],[85.73682122800005,28.31685566500005],[85.73708149800012,28.31811933300014],[85.73714846200016,28.31844446600013],[85.73712688600011,28.31919546100005],[85.73681394599998,28.31968334700008],[85.73639189400006,28.320341345000145],[85.73594761500016,28.32142673900006],[85.73586127900012,28.322521067000025],[85.73577902700009,28.323563607000153],[85.7349244350001,28.324336210000183],[85.73198078700005,28.32601650500004],[85.72991966800015,28.32702242000005],[85.72797140000006,28.327973259000146],[85.72741651700005,28.328782426000032],[85.7273282640001,28.32949892200014],[85.72744779400006,28.3302489190001],[85.72828907200005,28.332361369000125],[85.72869618500005,28.333129871000097],[85.73031517400017,28.33476377200003],[85.73183201100017,28.336294580000015],[85.73224618000006,28.337378927000145],[85.7321487750001,28.339277316999983],[85.73130679800016,28.34042445000017],[85.7301626150001,28.341279736000047],[85.72984628000012,28.341516199000125],[85.7288930200001,28.342053197000155],[85.72836470400006,28.34249939800003],[85.72804729700005,28.34303109399997],[85.72828314800006,28.343902497000045],[85.72830192900011,28.343971889000102],[85.72814680400018,28.344845621000104],[85.727839077,28.345663854000065],[85.72753932600017,28.346139266000137],[85.72703596800011,28.346937601000036],[85.72664281400006,28.347752770000056],[85.72649938000012,28.348421394000127],[85.72664241200005,28.348909979000155],[85.72664022800006,28.34898942800004],[85.72662715100012,28.349464740000144],[85.72616612400009,28.350601880000056],[85.72499880400011,28.352242150000052],[85.72356391000005,28.352909922000094],[85.72352117200006,28.352929811000024],[85.72256435700007,28.353191520999985],[85.72191861900006,28.35366821600013],[85.72165970500015,28.35410342300014],[85.72168233400015,28.354958067000155],[85.72169985400018,28.355619662000095],[85.72077350500018,28.357115573000158],[85.72032194100012,28.358194591000085],[85.71981720400004,28.359400664000134],[85.71979825400007,28.36010653699998],[85.71983209600018,28.36017057600003],[85.72040446000011,28.361253632000114],[85.72044349000015,28.362357034000127],[85.7201560090001,28.363229575000105],[85.71955713000017,28.3642322230001],[85.7190375030001,28.365714900000114],[85.71899766700017,28.365828570000133],[85.7188046120001,28.36658918600017],[85.71878622300005,28.367268],[85.71934630400017,28.36867632000019],[85.72017848600007,28.36962025100007],[85.72163615500017,28.370765785000174],[85.72320559200006,28.371999153000047],[85.72425211600017,28.37307363800005],[85.72420580500017,28.37329424300009],[85.72169088400017,28.37345240500008],[85.72067814200005,28.373516097000163],[85.71952572200007,28.37401959300007],[85.71763781400017,28.37549736400007],[85.71614241499998,28.377057823000143],[85.71510301600006,28.37866759700006],[85.71505158700018,28.37881813700011],[85.71474047800007,28.379728807000163],[85.71432770800004,28.38025056600003],[85.7136584540001,28.381550312000115],[85.71324887900005,28.38202428699998],[85.71233015800016,28.383087463000038],[85.71191006000004,28.384315157000174],[85.7119077690001,28.384494979000124],[85.71189115400006,28.385799273000032]]]}}]}
